,Date,total-ridership,agency
0,2/28/2022,2921956,Subways
1,2/27/2022,1404750,Subways
2,2/26/2022,1826845,Subways
3,2/25/2022,2580174,Subways
4,2/24/2022,2864025,Subways
5,2/23/2022,2900361,Subways
6,2/22/2022,2675275,Subways
7,2/21/2022,1945048,Subways
8,2/20/2022,1478642,Subways
9,2/19/2022,1794244,Subways
10,2/18/2022,2959462,Subways
11,2/17/2022,3116483,Subways
12,2/16/2022,3106976,Subways
13,2/15/2022,3037189,Subways
14,2/14/2022,2913628,Subways
15,2/13/2022,1351186,Subways
16,2/12/2022,2028603,Subways
17,2/11/2022,3021042,Subways
18,2/10/2022,3118851,Subways
19,2/9/2022,3095072,Subways
20,2/8/2022,3022902,Subways
21,2/7/2022,2789941,Subways
22,2/6/2022,1325280,Subways
23,2/5/2022,1794615,Subways
24,2/4/2022,2730797,Subways
25,2/3/2022,2919948,Subways
26,2/2/2022,2945982,Subways
27,2/1/2022,2640076,Subways
28,1/31/2022,2580730,Subways
29,1/30/2022,1263710,Subways
30,1/29/2022,1000199,Subways
31,1/28/2022,2708397,Subways
32,1/27/2022,2730250,Subways
33,1/26/2022,2717000,Subways
34,1/25/2022,2706871,Subways
35,1/24/2022,2542015,Subways
36,1/23/2022,1246961,Subways
37,1/22/2022,1585292,Subways
38,1/21/2022,2570529,Subways
39,1/20/2022,2550517,Subways
40,1/19/2022,2647727,Subways
41,1/18/2022,2546425,Subways
42,1/17/2022,1602238,Subways
43,1/16/2022,1166766,Subways
44,1/15/2022,1436125,Subways
45,1/14/2022,2527746,Subways
46,1/13/2022,2529329,Subways
47,1/12/2022,2464248,Subways
48,1/11/2022,2271033,Subways
49,1/10/2022,2352277,Subways
50,1/9/2022,1103682,Subways
51,1/8/2022,1487737,Subways
52,1/7/2022,2125569,Subways
53,1/6/2022,2396085,Subways
54,1/5/2022,2272601,Subways
55,1/4/2022,2294147,Subways
56,1/3/2022,2172744,Subways
57,1/2/2022,1221306,Subways
58,1/1/2022,1029180,Subways
59,12/31/2021,1629859,Subways
60,12/30/2021,2202359,Subways
61,12/29/2021,2171073,Subways
62,12/28/2021,2172791,Subways
63,12/27/2021,2011675,Subways
64,12/26/2021,1286484,Subways
65,12/25/2021,811945,Subways
66,12/24/2021,1577738,Subways
67,12/23/2021,2491489,Subways
68,12/22/2021,2640159,Subways
69,12/21/2021,2703097,Subways
70,12/20/2021,2722430,Subways
71,12/19/2021,1581503,Subways
72,12/18/2021,1882956,Subways
73,12/17/2021,3118492,Subways
74,12/16/2021,3226842,Subways
75,12/15/2021,3249076,Subways
76,12/14/2021,3281294,Subways
77,12/13/2021,3127619,Subways
78,12/12/2021,1831705,Subways
79,12/11/2021,2268556,Subways
80,12/10/2021,3423782,Subways
81,12/9/2021,3440822,Subways
82,12/8/2021,3385675,Subways
83,12/7/2021,3375157,Subways
84,12/6/2021,3142556,Subways
85,12/5/2021,1737545,Subways
86,12/4/2021,2318203,Subways
87,12/3/2021,3380539,Subways
88,12/2/2021,3366133,Subways
89,12/1/2021,3333735,Subways
90,11/30/2021,3214333,Subways
91,11/29/2021,3002707,Subways
92,11/28/2021,1467414,Subways
93,11/27/2021,1882638,Subways
94,11/26/2021,2092977,Subways
95,11/25/2021,1359188,Subways
96,11/24/2021,3091878,Subways
97,11/23/2021,3293785,Subways
98,11/22/2021,3137259,Subways
99,11/21/2021,1676033,Subways
100,11/20/2021,2138098,Subways
101,11/19/2021,3323841,Subways
102,11/18/2021,3419760,Subways
103,11/17/2021,3376522,Subways
104,11/16/2021,3348316,Subways
105,11/15/2021,3117761,Subways
106,11/14/2021,1704908,Subways
107,11/13/2021,2172149,Subways
108,11/12/2021,3164764,Subways
109,11/11/2021,2927728,Subways
110,11/10/2021,3359437,Subways
111,11/9/2021,3287134,Subways
112,11/8/2021,3072454,Subways
113,11/7/2021,1891963,Subways
114,11/6/2021,2198274,Subways
115,11/5/2021,3300207,Subways
116,11/4/2021,3291525,Subways
117,11/3/2021,3301103,Subways
118,11/2/2021,2853901,Subways
119,11/1/2021,3041089,Subways
120,10/31/2021,1748679,Subways
121,10/30/2021,2046487,Subways
122,10/29/2021,3258376,Subways
123,10/28/2021,3373576,Subways
124,10/27/2021,3307634,Subways
125,10/26/2021,2707913,Subways
126,10/25/2021,3001962,Subways
127,10/24/2021,1601835,Subways
128,10/23/2021,2079731,Subways
129,10/22/2021,3232113,Subways
130,10/21/2021,3275195,Subways
131,10/20/2021,3241475,Subways
132,10/19/2021,3185458,Subways
133,10/18/2021,2989693,Subways
134,10/17/2021,1631844,Subways
135,10/16/2021,2044396,Subways
136,10/15/2021,3233854,Subways
137,10/14/2021,3248072,Subways
138,10/13/2021,3164655,Subways
139,10/12/2021,3110171,Subways
140,10/11/2021,2267498,Subways
141,10/10/2021,1499551,Subways
142,10/9/2021,2052746,Subways
143,10/8/2021,3175133,Subways
144,10/7/2021,3198045,Subways
145,10/6/2021,3147958,Subways
146,10/5/2021,3098187,Subways
147,10/4/2021,2870940,Subways
148,10/3/2021,1577642,Subways
149,10/2/2021,2066222,Subways
150,10/1/2021,3169206,Subways
151,9/30/2021,3153965,Subways
152,9/29/2021,3070509,Subways
153,9/28/2021,2934542,Subways
154,9/27/2021,2880083,Subways
155,9/26/2021,1616915,Subways
156,9/25/2021,2132211,Subways
157,9/24/2021,3128041,Subways
158,9/23/2021,3022830,Subways
159,9/22/2021,3027925,Subways
160,9/21/2021,3025310,Subways
161,9/20/2021,2889759,Subways
162,9/19/2021,1598720,Subways
163,9/18/2021,2017430,Subways
164,9/17/2021,3034676,Subways
165,9/16/2021,2539853,Subways
166,9/15/2021,2993744,Subways
167,9/14/2021,3017947,Subways
168,9/13/2021,2858929,Subways
169,9/12/2021,1591655,Subways
170,9/11/2021,1985273,Subways
171,9/10/2021,2845820,Subways
172,9/9/2021,2708091,Subways
173,9/8/2021,2534847,Subways
174,9/7/2021,2238469,Subways
175,9/6/2021,1523354,Subways
176,9/5/2021,1416893,Subways
177,9/4/2021,1779743,Subways
178,9/3/2021,2394842,Subways
179,9/1/2021,2298999,Subways
180,8/31/2021,2537974,Subways
181,8/30/2021,2325695,Subways
182,8/29/2021,1400642,Subways
183,8/28/2021,1661095,Subways
184,8/27/2021,2392602,Subways
185,8/26/2021,2485132,Subways
186,8/25/2021,2503420,Subways
187,8/24/2021,2467406,Subways
188,8/23/2021,2056731,Subways
189,8/22/2021,745800,Subways
190,8/21/2021,1716439,Subways
191,8/20/2021,2460924,Subways
192,8/19/2021,2444495,Subways
193,8/18/2021,2450516,Subways
194,8/17/2021,2432692,Subways
195,8/16/2021,2292396,Subways
196,8/15/2021,1430620,Subways
197,8/14/2021,1718222,Subways
198,8/13/2021,2434624,Subways
199,8/12/2021,2453353,Subways
200,8/11/2021,2480877,Subways
201,8/10/2021,2447231,Subways
202,8/9/2021,2294279,Subways
203,8/8/2021,1333885,Subways
204,8/7/2021,1780458,Subways
205,8/6/2021,2523944,Subways
206,8/5/2021,2534287,Subways
207,8/4/2021,2534018,Subways
208,8/3/2021,2489064,Subways
209,8/2/2021,2338722,Subways
210,8/1/2021,1351294,Subways
211,7/31/2021,1841007,Subways
212,7/30/2021,2562489,Subways
213,7/29/2021,2433507,Subways
214,7/28/2021,2539760,Subways
215,7/27/2021,2493079,Subways
216,7/26/2021,2323169,Subways
217,7/25/2021,1364830,Subways
218,7/24/2021,1852402,Subways
219,7/23/2021,2557043,Subways
220,7/22/2021,2587338,Subways
221,7/21/2021,2509502,Subways
222,7/20/2021,2467017,Subways
223,7/19/2021,2332473,Subways
224,7/18/2021,1405344,Subways
225,7/17/2021,1717480,Subways
226,7/16/2021,2541195,Subways
227,7/15/2021,2586791,Subways
228,7/14/2021,2522633,Subways
229,7/13/2021,2462643,Subways
230,7/12/2021,2249975,Subways
231,7/11/2021,1367403,Subways
232,7/10/2021,1783921,Subways
233,7/9/2021,2322712,Subways
234,7/8/2021,2369035,Subways
235,7/7/2021,2442092,Subways
236,7/6/2021,2306692,Subways
237,7/5/2021,1497714,Subways
238,7/4/2021,1470325,Subways
239,7/3/2021,1543756,Subways
240,7/2/2021,2300302,Subways
241,7/1/2021,2297059,Subways
242,6/30/2021,2350864,Subways
243,6/29/2021,2348456,Subways
244,6/28/2021,2256926,Subways
245,6/27/2021,1561403,Subways
246,6/26/2021,1855861,Subways
247,6/25/2021,2587425,Subways
248,6/24/2021,2557684,Subways
249,6/23/2021,2552443,Subways
250,6/22/2021,2359521,Subways
251,6/21/2021,2268969,Subways
252,6/20/2021,1389352,Subways
253,6/19/2021,1784312,Subways
254,6/18/2021,2576562,Subways
255,6/17/2021,2557486,Subways
256,6/16/2021,2524189,Subways
257,6/15/2021,2474710,Subways
258,6/14/2021,2227391,Subways
259,6/13/2021,1379959,Subways
260,6/12/2021,1775538,Subways
261,6/11/2021,2472629,Subways
262,6/10/2021,2478619,Subways
263,6/9/2021,2390612,Subways
264,6/8/2021,2270152,Subways
265,6/7/2021,2227613,Subways
266,6/6/2021,1363344,Subways
267,6/5/2021,1792204,Subways
268,6/4/2021,2314340,Subways
269,6/3/2021,2238336,Subways
270,6/2/2021,2348517,Subways
271,6/1/2021,2263536,Subways
272,5/31/2021,1391302,Subways
273,5/30/2021,1066132,Subways
274,5/29/2021,1371467,Subways
275,5/28/2021,2236646,Subways
276,5/27/2021,2356638,Subways
277,5/26/2021,2280311,Subways
278,5/25/2021,2275628,Subways
279,5/24/2021,2123129,Subways
280,5/23/2021,1270286,Subways
281,5/22/2021,1647055,Subways
282,5/21/2021,2336140,Subways
283,5/20/2021,2273912,Subways
284,5/19/2021,2261916,Subways
285,5/18/2021,2154370,Subways
286,5/17/2021,2026574,Subways
287,5/16/2021,1201918,Subways
288,5/15/2021,1637242,Subways
289,5/14/2021,2270937,Subways
290,5/13/2021,2167164,Subways
291,5/12/2021,2186470,Subways
292,5/11/2021,2152549,Subways
293,5/10/2021,1993889,Subways
294,5/9/2021,1108734,Subways
295,5/8/2021,1444674,Subways
296,5/7/2021,2241860,Subways
297,5/6/2021,2204111,Subways
298,5/5/2021,2078394,Subways
299,5/4/2021,2124252,Subways
300,5/3/2021,1974754,Subways
301,5/2/2021,1153471,Subways
302,5/1/2021,1515211,Subways
303,4/30/2021,2163175,Subways
304,4/29/2021,2032405,Subways
305,4/28/2021,2139820,Subways
306,4/27/2021,2045718,Subways
307,4/26/2021,1959131,Subways
308,4/25/2021,985027,Subways
309,4/24/2021,1520057,Subways
310,4/23/2021,2125087,Subways
311,4/22/2021,2044069,Subways
312,4/21/2021,1969710,Subways
313,4/20/2021,2086630,Subways
314,4/19/2021,1914960,Subways
315,4/18/2021,1082503,Subways
316,4/17/2021,1425036,Subways
317,4/16/2021,2082447,Subways
318,4/15/2021,1910326,Subways
319,4/14/2021,2021936,Subways
320,4/13/2021,2016030,Subways
321,4/12/2021,1849254,Subways
322,4/11/2021,900666,Subways
323,4/10/2021,1392745,Subways
324,4/9/2021,2030410,Subways
325,4/8/2021,2017306,Subways
326,4/7/2021,1989179,Subways
327,4/6/2021,1946071,Subways
328,4/5/2021,1822134,Subways
329,4/4/2021,951260,Subways
330,4/3/2021,1319964,Subways
331,4/2/2021,1760768,Subways
332,4/1/2021,1845249,Subways
333,3/31/2021,1812072,Subways
334,3/30/2021,1885343,Subways
335,3/29/2021,1745540,Subways
336,3/28/2021,807247,Subways
337,3/27/2021,1374266,Subways
338,3/26/2021,1941782,Subways
339,3/25/2021,1929515,Subways
340,3/24/2021,1831662,Subways
341,3/23/2021,1883301,Subways
342,3/22/2021,1805084,Subways
343,3/21/2021,1013386,Subways
344,3/20/2021,1307403,Subways
345,3/19/2021,1910080,Subways
346,3/18/2021,1774375,Subways
347,3/17/2021,1869879,Subways
348,3/16/2021,1801682,Subways
349,3/15/2021,1733288,Subways
350,3/14/2021,923968,Subways
351,3/13/2021,1257372,Subways
352,3/12/2021,1917972,Subways
353,3/11/2021,1885584,Subways
354,3/10/2021,1852702,Subways
355,3/9/2021,1837670,Subways
356,3/8/2021,1722930,Subways
357,3/7/2021,894177,Subways
358,3/6/2021,1167887,Subways
359,3/5/2021,1829185,Subways
360,3/4/2021,1812200,Subways
361,3/3/2021,1850000,Subways
362,3/2/2021,1752983,Subways
363,3/1/2021,1699607,Subways
364,2/28/2021,811043,Subways
365,2/27/2021,1074256,Subways
366,2/26/2021,1826171,Subways
367,2/25/2021,1801708,Subways
368,2/24/2021,1809852,Subways
369,2/23/2021,1733604,Subways
370,2/22/2021,1585133,Subways
371,2/21/2021,837051,Subways
372,2/20/2021,1111970,Subways
373,2/19/2021,1568728,Subways
374,2/18/2021,1384407,Subways
375,2/17/2021,1736509,Subways
376,2/16/2021,1630739,Subways
377,2/15/2021,1220357,Subways
378,2/14/2021,858877,Subways
379,2/13/2021,1093261,Subways
380,2/12/2021,1709253,Subways
381,2/11/2021,1717804,Subways
382,2/10/2021,1753405,Subways
383,2/9/2021,1669590,Subways
384,2/8/2021,1642828,Subways
385,2/7/2021,653257,Subways
386,2/6/2021,1149757,Subways
387,2/5/2021,1744130,Subways
388,2/4/2021,1789214,Subways
389,2/3/2021,1705655,Subways
390,2/2/2021,1007502,Subways
391,2/1/2021,584184,Subways
392,1/31/2021,723473,Subways
393,1/30/2021,943426,Subways
394,1/29/2021,1514326,Subways
395,1/28/2021,1650014,Subways
396,1/27/2021,1663376,Subways
397,1/26/2021,1553918,Subways
398,1/25/2021,1595694,Subways
399,1/24/2021,741960,Subways
400,1/23/2021,998665,Subways
401,1/22/2021,1675175,Subways
402,1/21/2021,1656100,Subways
403,1/20/2021,1578038,Subways
404,1/19/2021,1639243,Subways
405,1/18/2021,1279119,Subways
406,1/17/2021,798564,Subways
407,1/16/2021,992599,Subways
408,1/15/2021,1630098,Subways
409,1/14/2021,1650630,Subways
410,1/13/2021,1644812,Subways
411,1/12/2021,1643725,Subways
412,1/11/2021,1571330,Subways
413,1/10/2021,763690,Subways
414,1/9/2021,991218,Subways
415,1/8/2021,1622259,Subways
416,1/7/2021,1614248,Subways
417,1/6/2021,1616889,Subways
418,1/5/2021,1600910,Subways
419,1/4/2021,1561237,Subways
420,1/3/2021,653915,Subways
421,1/2/2021,989612,Subways
422,1/1/2021,614497,Subways
423,12/31/2020,1277146,Subways
424,12/30/2020,1585476,Subways
425,12/29/2020,1558295,Subways
426,12/28/2020,1513195,Subways
427,12/27/2020,761251,Subways
428,12/26/2020,880184,Subways
429,12/25/2020,485839,Subways
430,12/24/2020,1314656,Subways
431,12/23/2020,1775738,Subways
432,12/22/2020,1764202,Subways
433,12/21/2020,1719279,Subways
434,12/20/2020,822001,Subways
435,12/19/2020,1112852,Subways
436,12/18/2020,1738727,Subways
437,12/17/2020,1081431,Subways
438,12/16/2020,1571978,Subways
439,12/15/2020,1786741,Subways
440,12/14/2020,1587068,Subways
441,12/13/2020,911519,Subways
442,12/12/2020,1091372,Subways
443,12/11/2020,1789568,Subways
444,12/10/2020,1764682,Subways
445,12/9/2020,1705159,Subways
446,12/8/2020,1544078,Subways
447,12/7/2020,1659836,Subways
448,12/6/2020,879278,Subways
449,12/5/2020,1001236,Subways
450,12/4/2020,1704749,Subways
451,12/3/2020,1739370,Subways
452,12/2/2020,1703245,Subways
453,12/1/2020,1709780,Subways
454,11/30/2020,1462166,Subways
455,11/29/2020,827800,Subways
456,11/28/2020,1034026,Subways
457,11/27/2020,1265519,Subways
458,11/26/2020,653123,Subways
459,11/25/2020,1691393,Subways
460,11/24/2020,1739107,Subways
461,11/23/2020,1649748,Subways
462,11/22/2020,818055,Subways
463,11/21/2020,1157976,Subways
464,11/20/2020,1803896,Subways
465,11/19/2020,1761064,Subways
466,11/18/2020,1791183,Subways
467,11/17/2020,1792431,Subways
468,11/16/2020,1745282,Subways
469,11/15/2020,821555,Subways
470,11/14/2020,1215491,Subways
471,11/13/2020,1820025,Subways
472,11/12/2020,1780212,Subways
473,11/11/2020,1617862,Subways
474,11/10/2020,1840750,Subways
475,11/9/2020,1756175,Subways
476,11/8/2020,928516,Subways
477,11/7/2020,1246356,Subways
478,11/6/2020,1840860,Subways
479,11/5/2020,1797589,Subways
480,11/4/2020,1693937,Subways
481,11/3/2020,1606096,Subways
482,11/2/2020,1751443,Subways
483,11/1/2020,786678,Subways
484,10/31/2020,1174079,Subways
485,10/30/2020,1771288,Subways
486,10/29/2020,1708611,Subways
487,10/28/2020,1823028,Subways
488,10/27/2020,1818884,Subways
489,10/26/2020,1694080,Subways
490,10/25/2020,885001,Subways
491,10/24/2020,1185612,Subways
492,10/23/2020,1846268,Subways
493,10/22/2020,1829135,Subways
494,10/21/2020,1816797,Subways
495,10/20/2020,1784090,Subways
496,10/19/2020,1722723,Subways
497,10/18/2020,897886,Subways
498,10/17/2020,1211061,Subways
499,10/16/2020,1674686,Subways
500,10/15/2020,1857822,Subways
501,10/14/2020,1842638,Subways
502,10/13/2020,1718853,Subways
503,10/12/2020,1286892,Subways
504,10/11/2020,849518,Subways
505,10/10/2020,1171657,Subways
506,10/9/2020,1811779,Subways
507,10/8/2020,1801918,Subways
508,10/7/2020,1774408,Subways
509,10/6/2020,1762320,Subways
510,10/5/2020,1682379,Subways
511,10/4/2020,853591,Subways
512,10/3/2020,1168073,Subways
513,10/2/2020,1794201,Subways
514,10/1/2020,1813961,Subways
515,9/30/2020,1744524,Subways
516,9/29/2020,1664896,Subways
517,9/28/2020,1492611,Subways
518,9/27/2020,846184,Subways
519,9/26/2020,1120175,Subways
520,9/25/2020,1765299,Subways
521,9/24/2020,1726180,Subways
522,9/23/2020,1739043,Subways
523,9/22/2020,1702325,Subways
524,9/21/2020,1627636,Subways
525,9/20/2020,828365,Subways
526,9/19/2020,1137948,Subways
527,9/18/2020,1728810,Subways
528,9/17/2020,1695985,Subways
529,9/16/2020,1690405,Subways
530,9/15/2020,1681774,Subways
531,9/14/2020,1607896,Subways
532,9/13/2020,796744,Subways
533,9/12/2020,1083727,Subways
534,9/11/2020,1693776,Subways
535,9/10/2020,1547065,Subways
536,9/9/2020,1613662,Subways
537,9/8/2020,1559312,Subways
538,9/7/2020,872174,Subways
539,9/6/2020,819600,Subways
540,9/5/2020,1013746,Subways
541,9/4/2020,1571533,Subways
542,9/3/2020,1532512,Subways
543,9/2/2020,1491161,Subways
544,9/1/2020,1472491,Subways
545,8/31/2020,1400448,Subways
546,8/30/2020,748886,Subways
547,8/29/2020,774465,Subways
548,8/28/2020,1391299,Subways
549,8/27/2020,1361128,Subways
550,8/26/2020,1410651,Subways
551,8/25/2020,1349335,Subways
552,8/24/2020,1310101,Subways
553,8/23/2020,672193,Subways
554,8/22/2020,883393,Subways
555,8/21/2020,1390232,Subways
556,8/20/2020,1413449,Subways
557,8/19/2020,1294931,Subways
558,8/18/2020,1372568,Subways
559,8/17/2020,1307543,Subways
560,8/16/2020,554980,Subways
561,8/15/2020,861763,Subways
562,8/14/2020,1358798,Subways
563,8/13/2020,1294248,Subways
564,8/12/2020,1302087,Subways
565,8/11/2020,1322978,Subways
566,8/10/2020,1278263,Subways
567,8/9/2020,663642,Subways
568,8/8/2020,834093,Subways
569,8/7/2020,1286635,Subways
570,8/6/2020,1337819,Subways
571,8/5/2020,1351026,Subways
572,8/4/2020,1028686,Subways
573,8/3/2020,1275951,Subways
574,8/2/2020,590675,Subways
575,8/1/2020,843372,Subways
576,7/31/2020,1260968,Subways
577,7/30/2020,1272918,Subways
578,7/29/2020,1298880,Subways
579,7/28/2020,1244405,Subways
580,7/27/2020,1206129,Subways
581,7/26/2020,607452,Subways
582,7/25/2020,817403,Subways
583,7/24/2020,1220649,Subways
584,7/23/2020,1236427,Subways
585,7/22/2020,1236384,Subways
586,7/21/2020,1244544,Subways
587,7/20/2020,1159163,Subways
588,7/19/2020,585498,Subways
589,7/18/2020,779722,Subways
590,7/17/2020,1209692,Subways
591,7/16/2020,1251884,Subways
592,7/15/2020,1251164,Subways
593,7/14/2020,1243749,Subways
594,7/13/2020,1178204,Subways
595,7/12/2020,628918,Subways
596,7/11/2020,693789,Subways
597,7/10/2020,1032749,Subways
598,7/9/2020,1213851,Subways
599,7/8/2020,1174733,Subways
600,7/7/2020,1159588,Subways
601,7/6/2020,1087178,Subways
602,7/5/2020,534220,Subways
603,7/4/2020,592295,Subways
604,7/3/2020,853015,Subways
605,7/2/2020,1172848,Subways
606,7/1/2020,1122842,Subways
607,6/30/2020,1115510,Subways
608,6/29/2020,1103086,Subways
609,6/28/2020,536488,Subways
610,6/27/2020,616084,Subways
611,6/26/2020,1104497,Subways
612,6/25/2020,1081006,Subways
613,6/24/2020,1070527,Subways
614,6/23/2020,1053005,Subways
615,6/22/2020,1002073,Subways
616,6/21/2020,449497,Subways
617,6/20/2020,576097,Subways
618,6/19/2020,988680,Subways
619,6/18/2020,944318,Subways
620,6/17/2020,950318,Subways
621,6/16/2020,934545,Subways
622,6/15/2020,898925,Subways
623,6/14/2020,430446,Subways
624,6/13/2020,545333,Subways
625,6/12/2020,898314,Subways
626,6/11/2020,819873,Subways
627,6/10/2020,858782,Subways
628,6/9/2020,843968,Subways
629,6/8/2020,806138,Subways
630,6/7/2020,378085,Subways
631,6/6/2020,464207,Subways
632,6/5/2020,704825,Subways
633,6/4/2020,728018,Subways
634,6/3/2020,683037,Subways
635,6/2/2020,695276,Subways
636,6/1/2020,688520,Subways
637,5/31/2020,344428,Subways
638,5/30/2020,426755,Subways
639,5/29/2020,658353,Subways
640,5/28/2020,659248,Subways
641,5/27/2020,675705,Subways
642,5/26/2020,657939,Subways
643,5/25/2020,394359,Subways
644,5/24/2020,320376,Subways
645,5/23/2020,336250,Subways
646,5/22/2020,634929,Subways
647,5/21/2020,630367,Subways
648,5/20/2020,624793,Subways
649,5/19/2020,611951,Subways
650,5/18/2020,596505,Subways
651,5/17/2020,287755,Subways
652,5/16/2020,361329,Subways
653,5/15/2020,588784,Subways
654,5/14/2020,568315,Subways
655,5/13/2020,566333,Subways
656,5/12/2020,554286,Subways
657,5/11/2020,521702,Subways
658,5/10/2020,272353,Subways
659,5/9/2020,317372,Subways
660,5/8/2020,526865,Subways
661,5/7/2020,536003,Subways
662,5/6/2020,509646,Subways
663,5/5/2020,522979,Subways
664,5/4/2020,512763,Subways
665,5/3/2020,259199,Subways
666,5/2/2020,326354,Subways
667,5/1/2020,495312,Subways
668,4/30/2020,466633,Subways
669,4/29/2020,478589,Subways
670,4/28/2020,490073,Subways
671,4/27/2020,463700,Subways
672,4/26/2020,219096,Subways
673,4/25/2020,295836,Subways
674,4/24/2020,444644,Subways
675,4/23/2020,454300,Subways
676,4/22/2020,459574,Subways
677,4/21/2020,422860,Subways
678,4/20/2020,438622,Subways
679,4/19/2020,224751,Subways
680,4/18/2020,254792,Subways
681,4/17/2020,433106,Subways
682,4/16/2020,421013,Subways
683,4/15/2020,419851,Subways
684,4/14/2020,430946,Subways
685,4/13/2020,363961,Subways
686,4/12/2020,198693,Subways
687,4/11/2020,257467,Subways
688,4/10/2020,400947,Subways
689,4/9/2020,405325,Subways
690,4/8/2020,428206,Subways
691,4/7/2020,435718,Subways
692,4/6/2020,446273,Subways
693,4/5/2020,227603,Subways
694,4/4/2020,282703,Subways
695,4/3/2020,484200,Subways
696,4/2/2020,486468,Subways
697,4/1/2020,514201,Subways
698,2/28/2022,158200,LIRR
699,2/27/2022,66200,LIRR
700,2/26/2022,72700,LIRR
701,2/25/2022,116800,LIRR
702,2/24/2022,132500,LIRR
703,2/23/2022,140200,LIRR
704,2/22/2022,135400,LIRR
705,2/21/2022,109900,LIRR
706,2/20/2022,55000,LIRR
707,2/19/2022,64700,LIRR
708,2/18/2022,129400,LIRR
709,2/17/2022,141200,LIRR
710,2/16/2022,140400,LIRR
711,2/15/2022,146600,LIRR
712,2/14/2022,142500,LIRR
713,2/13/2022,50500,LIRR
714,2/12/2022,71700,LIRR
715,2/11/2022,131000,LIRR
716,2/10/2022,143100,LIRR
717,2/9/2022,143700,LIRR
718,2/8/2022,141700,LIRR
719,2/7/2022,136500,LIRR
720,2/6/2022,51500,LIRR
721,2/5/2022,61200,LIRR
722,2/4/2022,117900,LIRR
723,2/3/2022,126900,LIRR
724,2/2/2022,140100,LIRR
725,2/1/2022,135300,LIRR
726,1/31/2022,132200,LIRR
727,1/30/2022,47900,LIRR
728,1/29/2022,8100,LIRR
729,1/28/2022,120900,LIRR
730,1/27/2022,119000,LIRR
731,1/26/2022,118600,LIRR
732,1/25/2022,124500,LIRR
733,1/24/2022,127800,LIRR
734,1/23/2022,48700,LIRR
735,1/22/2022,59400,LIRR
736,1/21/2022,113500,LIRR
737,1/20/2022,112600,LIRR
738,1/19/2022,121200,LIRR
739,1/18/2022,125600,LIRR
740,1/17/2022,98700,LIRR
741,1/16/2022,43600,LIRR
742,1/15/2022,53400,LIRR
743,1/14/2022,109200,LIRR
744,1/13/2022,112500,LIRR
745,1/12/2022,111000,LIRR
746,1/11/2022,104400,LIRR
747,1/10/2022,116500,LIRR
748,1/9/2022,43400,LIRR
749,1/8/2022,51700,LIRR
750,1/7/2022,90200,LIRR
751,1/6/2022,103600,LIRR
752,1/5/2022,98300,LIRR
753,1/4/2022,104200,LIRR
754,1/3/2022,103000,LIRR
755,1/2/2022,49200,LIRR
756,1/1/2022,34000,LIRR
757,12/31/2021,96700,LIRR
758,12/30/2021,110100,LIRR
759,12/29/2021,105900,LIRR
760,12/28/2021,109900,LIRR
761,12/27/2021,108500,LIRR
762,12/26/2021,56500,LIRR
763,12/25/2021,39500,LIRR
764,12/24/2021,97400,LIRR
765,12/23/2021,118400,LIRR
766,12/22/2021,117700,LIRR
767,12/21/2021,124400,LIRR
768,12/20/2021,132100,LIRR
769,12/19/2021,65700,LIRR
770,12/18/2021,74300,LIRR
771,12/17/2021,146100,LIRR
772,12/16/2021,152700,LIRR
773,12/15/2021,153100,LIRR
774,12/14/2021,154900,LIRR
775,12/13/2021,153400,LIRR
776,12/12/2021,80900,LIRR
777,12/11/2021,91900,LIRR
778,12/10/2021,152500,LIRR
779,12/9/2021,154400,LIRR
780,12/8/2021,156200,LIRR
781,12/7/2021,153700,LIRR
782,12/6/2021,155000,LIRR
783,12/5/2021,72700,LIRR
784,12/4/2021,91500,LIRR
785,12/3/2021,144500,LIRR
786,12/2/2021,154700,LIRR
787,12/1/2021,163200,LIRR
788,11/30/2021,166700,LIRR
789,11/29/2021,166200,LIRR
790,11/28/2021,75200,LIRR
791,11/27/2021,83700,LIRR
792,11/26/2021,128500,LIRR
793,11/25/2021,125400,LIRR
794,11/24/2021,165300,LIRR
795,11/23/2021,162200,LIRR
796,11/22/2021,156900,LIRR
797,11/21/2021,80500,LIRR
798,11/20/2021,94400,LIRR
799,11/19/2021,151800,LIRR
800,11/18/2021,157400,LIRR
801,11/17/2021,158400,LIRR
802,11/16/2021,161400,LIRR
803,11/15/2021,161000,LIRR
804,11/14/2021,72500,LIRR
805,11/13/2021,80800,LIRR
806,11/12/2021,141700,LIRR
807,11/11/2021,143400,LIRR
808,11/10/2021,159300,LIRR
809,11/9/2021,157200,LIRR
810,11/8/2021,159700,LIRR
811,11/7/2021,81200,LIRR
812,11/6/2021,84900,LIRR
813,11/5/2021,150200,LIRR
814,11/4/2021,151400,LIRR
815,11/3/2021,154200,LIRR
816,11/2/2021,147800,LIRR
817,11/1/2021,158400,LIRR
818,10/31/2021,68700,LIRR
819,10/30/2021,76500,LIRR
820,10/29/2021,153300,LIRR
821,10/28/2021,159600,LIRR
822,10/27/2021,155900,LIRR
823,10/26/2021,130100,LIRR
824,10/25/2021,158300,LIRR
825,10/24/2021,69600,LIRR
826,10/23/2021,74700,LIRR
827,10/22/2021,145800,LIRR
828,10/21/2021,149900,LIRR
829,10/20/2021,155200,LIRR
830,10/19/2021,153400,LIRR
831,10/18/2021,153700,LIRR
832,10/17/2021,74800,LIRR
833,10/16/2021,83400,LIRR
834,10/15/2021,150900,LIRR
835,10/14/2021,154600,LIRR
836,10/13/2021,151300,LIRR
837,10/12/2021,154600,LIRR
838,10/11/2021,131700,LIRR
839,10/10/2021,65600,LIRR
840,10/9/2021,84600,LIRR
841,10/8/2021,153800,LIRR
842,10/7/2021,150100,LIRR
843,10/6/2021,149600,LIRR
844,10/5/2021,150200,LIRR
845,10/4/2021,152600,LIRR
846,10/3/2021,74900,LIRR
847,10/2/2021,86600,LIRR
848,10/1/2021,140000,LIRR
849,9/30/2021,144800,LIRR
850,9/29/2021,137500,LIRR
851,9/28/2021,141200,LIRR
852,9/27/2021,146200,LIRR
853,9/26/2021,80100,LIRR
854,9/25/2021,88500,LIRR
855,9/24/2021,142800,LIRR
856,9/23/2021,140100,LIRR
857,9/22/2021,139900,LIRR
858,9/21/2021,142700,LIRR
859,9/20/2021,148100,LIRR
860,9/19/2021,69400,LIRR
861,9/18/2021,77300,LIRR
862,9/17/2021,142100,LIRR
863,9/16/2021,128000,LIRR
864,9/15/2021,139900,LIRR
865,9/14/2021,144900,LIRR
866,9/13/2021,147800,LIRR
867,9/12/2021,77000,LIRR
868,9/11/2021,82200,LIRR
869,9/10/2021,150900,LIRR
870,9/9/2021,139500,LIRR
871,9/8/2021,135700,LIRR
872,9/7/2021,137600,LIRR
873,9/6/2021,77900,LIRR
874,9/5/2021,71000,LIRR
875,9/4/2021,84800,LIRR
876,9/3/2021,139800,LIRR
877,9/1/2021,118400,LIRR
878,8/31/2021,133600,LIRR
879,8/30/2021,131600,LIRR
880,8/29/2021,68800,LIRR
881,8/28/2021,69000,LIRR
882,8/27/2021,119700,LIRR
883,8/26/2021,122100,LIRR
884,8/25/2021,127400,LIRR
885,8/24/2021,130600,LIRR
886,8/23/2021,110000,LIRR
887,8/22/2021,27500,LIRR
888,8/21/2021,72800,LIRR
889,8/20/2021,124600,LIRR
890,8/19/2021,117400,LIRR
891,8/18/2021,117200,LIRR
892,8/17/2021,120700,LIRR
893,8/16/2021,123900,LIRR
894,8/15/2021,73000,LIRR
895,8/14/2021,75700,LIRR
896,8/13/2021,123800,LIRR
897,8/12/2021,119700,LIRR
898,8/11/2021,119700,LIRR
899,8/10/2021,122500,LIRR
900,8/9/2021,109900,LIRR
901,8/8/2021,61100,LIRR
902,8/7/2021,76800,LIRR
903,8/6/2021,123200,LIRR
904,8/5/2021,120000,LIRR
905,8/4/2021,123700,LIRR
906,8/3/2021,123900,LIRR
907,8/2/2021,126200,LIRR
908,8/1/2021,66000,LIRR
909,7/31/2021,85400,LIRR
910,7/30/2021,131900,LIRR
911,7/29/2021,120300,LIRR
912,7/28/2021,126800,LIRR
913,7/27/2021,128300,LIRR
914,7/26/2021,129900,LIRR
915,7/25/2021,66400,LIRR
916,7/24/2021,84900,LIRR
917,7/23/2021,130500,LIRR
918,7/22/2021,127300,LIRR
919,7/21/2021,121500,LIRR
920,7/20/2021,125800,LIRR
921,7/19/2021,126700,LIRR
922,7/18/2021,67400,LIRR
923,7/17/2021,73000,LIRR
924,7/16/2021,123500,LIRR
925,7/15/2021,125600,LIRR
926,7/14/2021,120500,LIRR
927,7/13/2021,123400,LIRR
928,7/12/2021,120500,LIRR
929,7/11/2021,62600,LIRR
930,7/10/2021,73000,LIRR
931,7/9/2021,109400,LIRR
932,7/8/2021,116300,LIRR
933,7/7/2021,122600,LIRR
934,7/6/2021,127900,LIRR
935,7/5/2021,78400,LIRR
936,7/4/2021,70200,LIRR
937,7/3/2021,63800,LIRR
938,7/2/2021,116500,LIRR
939,7/1/2021,114400,LIRR
940,6/30/2021,119400,LIRR
941,6/29/2021,119400,LIRR
942,6/28/2021,122300,LIRR
943,6/27/2021,75100,LIRR
944,6/26/2021,76600,LIRR
945,6/25/2021,126700,LIRR
946,6/24/2021,121500,LIRR
947,6/23/2021,121900,LIRR
948,6/22/2021,116200,LIRR
949,6/21/2021,123900,LIRR
950,6/20/2021,77000,LIRR
951,6/19/2021,76500,LIRR
952,6/18/2021,122800,LIRR
953,6/17/2021,121600,LIRR
954,6/16/2021,119200,LIRR
955,6/15/2021,117600,LIRR
956,6/14/2021,115300,LIRR
957,6/13/2021,59200,LIRR
958,6/12/2021,68200,LIRR
959,6/11/2021,118300,LIRR
960,6/10/2021,113200,LIRR
961,6/9/2021,107900,LIRR
962,6/8/2021,108300,LIRR
963,6/7/2021,112100,LIRR
964,6/6/2021,61900,LIRR
965,6/5/2021,72800,LIRR
966,6/4/2021,104600,LIRR
967,6/3/2021,102800,LIRR
968,6/2/2021,112500,LIRR
969,6/1/2021,114800,LIRR
970,5/31/2021,102300,LIRR
971,5/30/2021,43400,LIRR
972,5/29/2021,54800,LIRR
973,5/28/2021,112800,LIRR
974,5/27/2021,117300,LIRR
975,5/26/2021,114500,LIRR
976,5/25/2021,110900,LIRR
977,5/24/2021,105500,LIRR
978,5/23/2021,58000,LIRR
979,5/22/2021,66300,LIRR
980,5/21/2021,110100,LIRR
981,5/20/2021,106600,LIRR
982,5/19/2021,104800,LIRR
983,5/18/2021,100400,LIRR
984,5/17/2021,98500,LIRR
985,5/16/2021,49200,LIRR
986,5/15/2021,63100,LIRR
987,5/14/2021,104900,LIRR
988,5/13/2021,103000,LIRR
989,5/12/2021,98900,LIRR
990,5/11/2021,97400,LIRR
991,5/10/2021,96800,LIRR
992,5/9/2021,54100,LIRR
993,5/8/2021,56300,LIRR
994,5/7/2021,101600,LIRR
995,5/6/2021,94200,LIRR
996,5/5/2021,92000,LIRR
997,5/4/2021,93100,LIRR
998,5/3/2021,91100,LIRR
999,5/2/2021,41800,LIRR
1000,5/1/2021,51100,LIRR
1001,4/30/2021,93500,LIRR
1002,4/29/2021,88700,LIRR
1003,4/28/2021,92100,LIRR
1004,4/27/2021,89000,LIRR
1005,4/26/2021,89300,LIRR
1006,4/25/2021,34100,LIRR
1007,4/24/2021,51600,LIRR
1008,4/23/2021,92800,LIRR
1009,4/22/2021,86600,LIRR
1010,4/21/2021,83500,LIRR
1011,4/20/2021,90000,LIRR
1012,4/19/2021,87200,LIRR
1013,4/18/2021,38300,LIRR
1014,4/17/2021,49900,LIRR
1015,4/16/2021,87200,LIRR
1016,4/15/2021,81800,LIRR
1017,4/14/2021,86700,LIRR
1018,4/13/2021,87200,LIRR
1019,4/12/2021,83100,LIRR
1020,4/11/2021,32000,LIRR
1021,4/10/2021,46000,LIRR
1022,4/9/2021,87100,LIRR
1023,4/8/2021,86700,LIRR
1024,4/7/2021,85500,LIRR
1025,4/6/2021,85800,LIRR
1026,4/5/2021,87000,LIRR
1027,4/4/2021,40900,LIRR
1028,4/3/2021,47700,LIRR
1029,4/2/2021,79800,LIRR
1030,4/1/2021,77300,LIRR
1031,3/31/2021,84900,LIRR
1032,3/30/2021,91300,LIRR
1033,3/29/2021,86500,LIRR
1034,3/28/2021,28300,LIRR
1035,3/27/2021,47500,LIRR
1036,3/26/2021,84400,LIRR
1037,3/25/2021,83600,LIRR
1038,3/24/2021,79600,LIRR
1039,3/23/2021,83100,LIRR
1040,3/22/2021,84200,LIRR
1041,3/21/2021,34700,LIRR
1042,3/20/2021,41700,LIRR
1043,3/19/2021,80000,LIRR
1044,3/18/2021,76500,LIRR
1045,3/17/2021,81400,LIRR
1046,3/16/2021,77700,LIRR
1047,3/15/2021,79300,LIRR
1048,3/14/2021,30400,LIRR
1049,3/13/2021,38500,LIRR
1050,3/12/2021,82400,LIRR
1051,3/11/2021,80400,LIRR
1052,3/10/2021,78100,LIRR
1053,3/9/2021,79300,LIRR
1054,3/8/2021,79400,LIRR
1055,3/7/2021,29300,LIRR
1056,3/6/2021,37200,LIRR
1057,3/5/2021,79100,LIRR
1058,3/4/2021,78600,LIRR
1059,3/3/2021,78800,LIRR
1060,3/2/2021,75300,LIRR
1061,3/1/2021,74400,LIRR
1062,2/28/2021,23800,LIRR
1063,2/27/2021,28800,LIRR
1064,2/26/2021,76700,LIRR
1065,2/25/2021,75000,LIRR
1066,2/24/2021,74800,LIRR
1067,2/23/2021,73500,LIRR
1068,2/22/2021,69700,LIRR
1069,2/21/2021,25200,LIRR
1070,2/20/2021,30900,LIRR
1071,2/19/2021,64100,LIRR
1072,2/18/2021,58000,LIRR
1073,2/17/2021,74200,LIRR
1074,2/16/2021,72700,LIRR
1075,2/15/2021,65700,LIRR
1076,2/14/2021,23400,LIRR
1077,2/13/2021,29300,LIRR
1078,2/12/2021,72100,LIRR
1079,2/11/2021,70200,LIRR
1080,2/10/2021,71300,LIRR
1081,2/9/2021,69500,LIRR
1082,2/8/2021,71000,LIRR
1083,2/7/2021,17100,LIRR
1084,2/6/2021,29200,LIRR
1085,2/5/2021,68900,LIRR
1086,2/4/2021,71300,LIRR
1087,2/3/2021,69100,LIRR
1088,2/2/2021,22800,LIRR
1089,2/1/2021,8600,LIRR
1090,1/31/2021,23100,LIRR
1091,1/30/2021,26600,LIRR
1092,1/29/2021,65100,LIRR
1093,1/28/2021,70000,LIRR
1094,1/27/2021,70400,LIRR
1095,1/26/2021,68200,LIRR
1096,1/25/2021,73100,LIRR
1097,1/24/2021,24000,LIRR
1098,1/23/2021,27900,LIRR
1099,1/22/2021,71300,LIRR
1100,1/21/2021,71200,LIRR
1101,1/20/2021,67900,LIRR
1102,1/19/2021,72600,LIRR
1103,1/18/2021,68700,LIRR
1104,1/17/2021,24200,LIRR
1105,1/16/2021,27100,LIRR
1106,1/15/2021,70200,LIRR
1107,1/14/2021,70900,LIRR
1108,1/13/2021,70600,LIRR
1109,1/12/2021,71400,LIRR
1110,1/11/2021,72300,LIRR
1111,1/10/2021,23800,LIRR
1112,1/9/2021,27000,LIRR
1113,1/8/2021,68600,LIRR
1114,1/7/2021,69700,LIRR
1115,1/6/2021,70300,LIRR
1116,1/5/2021,70400,LIRR
1117,1/4/2021,71100,LIRR
1118,1/3/2021,20800,LIRR
1119,1/2/2021,28900,LIRR
1120,1/1/2021,29000,LIRR
1121,12/31/2020,75200,LIRR
1122,12/30/2020,79300,LIRR
1123,12/29/2020,78900,LIRR
1124,12/28/2020,81600,LIRR
1125,12/27/2020,34400,LIRR
1126,12/26/2020,36000,LIRR
1127,12/25/2020,51300,LIRR
1128,12/24/2020,75800,LIRR
1129,12/23/2020,84400,LIRR
1130,12/22/2020,82000,LIRR
1131,12/21/2020,81200,LIRR
1132,12/20/2020,32600,LIRR
1133,12/19/2020,41100,LIRR
1134,12/18/2020,74900,LIRR
1135,12/17/2020,21400,LIRR
1136,12/16/2020,68100,LIRR
1137,12/15/2020,78400,LIRR
1138,12/14/2020,75000,LIRR
1139,12/13/2020,39300,LIRR
1140,12/12/2020,41800,LIRR
1141,12/11/2020,79700,LIRR
1142,12/10/2020,76800,LIRR
1143,12/9/2020,74700,LIRR
1144,12/8/2020,75000,LIRR
1145,12/7/2020,77800,LIRR
1146,12/6/2020,35100,LIRR
1147,12/5/2020,33500,LIRR
1148,12/4/2020,72100,LIRR
1149,12/3/2020,75100,LIRR
1150,12/2/2020,73600,LIRR
1151,12/1/2020,73600,LIRR
1152,11/30/2020,80000,LIRR
1153,11/29/2020,32600,LIRR
1154,11/28/2020,37800,LIRR
1155,11/27/2020,77300,LIRR
1156,11/26/2020,72600,LIRR
1157,11/25/2020,93400,LIRR
1158,11/24/2020,89800,LIRR
1159,11/23/2020,87700,LIRR
1160,11/22/2020,31000,LIRR
1161,11/21/2020,39200,LIRR
1162,11/20/2020,87400,LIRR
1163,11/19/2020,84700,LIRR
1164,11/18/2020,84100,LIRR
1165,11/17/2020,87000,LIRR
1166,11/16/2020,89500,LIRR
1167,11/15/2020,30900,LIRR
1168,11/14/2020,41400,LIRR
1169,11/13/2020,86300,LIRR
1170,11/12/2020,86200,LIRR
1171,11/11/2020,83300,LIRR
1172,11/10/2020,91500,LIRR
1173,11/9/2020,91700,LIRR
1174,11/8/2020,38500,LIRR
1175,11/7/2020,46400,LIRR
1176,11/6/2020,89500,LIRR
1177,11/5/2020,87000,LIRR
1178,11/4/2020,81600,LIRR
1179,11/3/2020,82100,LIRR
1180,11/2/2020,87200,LIRR
1181,11/1/2020,29500,LIRR
1182,10/31/2020,41500,LIRR
1183,10/30/2020,84300,LIRR
1184,10/29/2020,81800,LIRR
1185,10/28/2020,86700,LIRR
1186,10/27/2020,87400,LIRR
1187,10/26/2020,86700,LIRR
1188,10/25/2020,33700,LIRR
1189,10/24/2020,43600,LIRR
1190,10/23/2020,89900,LIRR
1191,10/22/2020,88700,LIRR
1192,10/21/2020,86200,LIRR
1193,10/20/2020,86600,LIRR
1194,10/19/2020,89200,LIRR
1195,10/18/2020,34700,LIRR
1196,10/17/2020,43800,LIRR
1197,10/16/2020,83800,LIRR
1198,10/15/2020,90300,LIRR
1199,10/14/2020,89200,LIRR
1200,10/13/2020,76600,LIRR
1201,10/12/2020,76800,LIRR
1202,10/11/2020,34600,LIRR
1203,10/10/2020,44500,LIRR
1204,10/9/2020,78700,LIRR
1205,10/8/2020,88000,LIRR
1206,10/7/2020,87100,LIRR
1207,10/6/2020,87700,LIRR
1208,10/5/2020,88700,LIRR
1209,10/4/2020,35000,LIRR
1210,10/3/2020,45000,LIRR
1211,10/2/2020,87300,LIRR
1212,10/1/2020,86100,LIRR
1213,9/30/2020,89200,LIRR
1214,9/29/2020,88400,LIRR
1215,9/28/2020,89700,LIRR
1216,9/27/2020,40000,LIRR
1217,9/26/2020,47200,LIRR
1218,9/25/2020,92500,LIRR
1219,9/24/2020,89100,LIRR
1220,9/23/2020,89000,LIRR
1221,9/22/2020,87400,LIRR
1222,9/21/2020,89700,LIRR
1223,9/20/2020,39000,LIRR
1224,9/19/2020,46800,LIRR
1225,9/18/2020,90700,LIRR
1226,9/17/2020,86900,LIRR
1227,9/16/2020,87000,LIRR
1228,9/15/2020,87000,LIRR
1229,9/14/2020,89500,LIRR
1230,9/13/2020,36700,LIRR
1231,9/12/2020,44500,LIRR
1232,9/11/2020,88600,LIRR
1233,9/10/2020,82100,LIRR
1234,9/9/2020,86100,LIRR
1235,9/8/2020,90600,LIRR
1236,9/7/2020,80000,LIRR
1237,9/6/2020,44700,LIRR
1238,9/5/2020,50500,LIRR
1239,9/4/2020,88300,LIRR
1240,9/3/2020,82600,LIRR
1241,9/2/2020,77600,LIRR
1242,9/1/2020,76500,LIRR
1243,8/31/2020,78100,LIRR
1244,8/30/2020,45100,LIRR
1245,8/29/2020,37600,LIRR
1246,8/28/2020,76100,LIRR
1247,8/27/2020,73100,LIRR
1248,8/26/2020,76600,LIRR
1249,8/25/2020,73300,LIRR
1250,8/24/2020,75100,LIRR
1251,8/23/2020,37900,LIRR
1252,8/22/2020,49100,LIRR
1253,8/21/2020,76100,LIRR
1254,8/20/2020,75600,LIRR
1255,8/19/2020,70100,LIRR
1256,8/18/2020,74200,LIRR
1257,8/17/2020,74500,LIRR
1258,8/16/2020,29900,LIRR
1259,8/15/2020,46800,LIRR
1260,8/14/2020,72900,LIRR
1261,8/13/2020,69200,LIRR
1262,8/12/2020,68300,LIRR
1263,8/11/2020,72400,LIRR
1264,8/10/2020,73500,LIRR
1265,8/9/2020,37600,LIRR
1266,8/8/2020,41700,LIRR
1267,8/7/2020,66000,LIRR
1268,8/6/2020,66700,LIRR
1269,8/5/2020,58000,LIRR
1270,8/4/2020,36800,LIRR
1271,8/3/2020,70800,LIRR
1272,8/2/2020,30500,LIRR
1273,8/1/2020,44400,LIRR
1274,7/31/2020,67600,LIRR
1275,7/30/2020,69000,LIRR
1276,7/29/2020,70000,LIRR
1277,7/28/2020,66700,LIRR
1278,7/27/2020,70100,LIRR
1279,7/26/2020,36200,LIRR
1280,7/25/2020,43300,LIRR
1281,7/24/2020,65900,LIRR
1282,7/23/2020,65600,LIRR
1283,7/22/2020,65300,LIRR
1284,7/21/2020,67600,LIRR
1285,7/20/2020,67700,LIRR
1286,7/19/2020,36400,LIRR
1287,7/18/2020,41200,LIRR
1288,7/17/2020,64800,LIRR
1289,7/16/2020,66700,LIRR
1290,7/15/2020,66500,LIRR
1291,7/14/2020,66300,LIRR
1292,7/13/2020,66400,LIRR
1293,7/12/2020,34900,LIRR
1294,7/11/2020,30100,LIRR
1295,7/10/2020,55900,LIRR
1296,7/9/2020,65500,LIRR
1297,7/8/2020,63000,LIRR
1298,7/7/2020,61800,LIRR
1299,7/6/2020,63900,LIRR
1300,7/5/2020,34600,LIRR
1301,7/4/2020,38400,LIRR
1302,7/3/2020,56200,LIRR
1303,7/2/2020,64300,LIRR
1304,7/1/2020,56500,LIRR
1305,6/30/2020,58000,LIRR
1306,6/29/2020,63300,LIRR
1307,6/28/2020,25700,LIRR
1308,6/27/2020,26800,LIRR
1309,6/26/2020,55600,LIRR
1310,6/25/2020,53400,LIRR
1311,6/24/2020,52400,LIRR
1312,6/23/2020,52900,LIRR
1313,6/22/2020,53900,LIRR
1314,6/21/2020,27100,LIRR
1315,6/20/2020,29000,LIRR
1316,6/19/2020,50200,LIRR
1317,6/18/2020,47900,LIRR
1318,6/17/2020,47200,LIRR
1319,6/16/2020,46900,LIRR
1320,6/15/2020,47500,LIRR
1321,6/14/2020,20900,LIRR
1322,6/13/2020,25400,LIRR
1323,6/12/2020,45100,LIRR
1324,6/11/2020,41000,LIRR
1325,6/10/2020,43100,LIRR
1326,6/9/2020,42300,LIRR
1327,6/8/2020,42600,LIRR
1328,6/7/2020,16800,LIRR
1329,6/6/2020,18100,LIRR
1330,6/5/2020,33500,LIRR
1331,6/4/2020,29800,LIRR
1332,6/3/2020,32500,LIRR
1333,6/2/2020,33800,LIRR
1334,6/1/2020,34300,LIRR
1335,5/31/2020,13600,LIRR
1336,5/30/2020,15600,LIRR
1337,5/29/2020,25100,LIRR
1338,5/28/2020,25200,LIRR
1339,5/27/2020,26500,LIRR
1340,5/26/2020,26700,LIRR
1341,5/25/2020,19300,LIRR
1342,5/24/2020,11900,LIRR
1343,5/23/2020,11000,LIRR
1344,5/22/2020,22800,LIRR
1345,5/21/2020,22600,LIRR
1346,5/20/2020,22200,LIRR
1347,5/19/2020,21600,LIRR
1348,5/18/2020,22100,LIRR
1349,5/17/2020,8800,LIRR
1350,5/16/2020,11100,LIRR
1351,5/15/2020,20100,LIRR
1352,5/14/2020,19300,LIRR
1353,5/13/2020,19400,LIRR
1354,5/12/2020,19000,LIRR
1355,5/11/2020,18300,LIRR
1356,5/10/2020,8000,LIRR
1357,5/9/2020,7700,LIRR
1358,5/8/2020,15700,LIRR
1359,5/7/2020,16100,LIRR
1360,5/6/2020,14500,LIRR
1361,5/5/2020,13300,LIRR
1362,5/4/2020,11200,LIRR
1363,5/3/2020,3300,LIRR
1364,5/2/2020,4000,LIRR
1365,5/1/2020,6200,LIRR
1366,4/30/2020,9300,LIRR
1367,4/29/2020,9100,LIRR
1368,4/28/2020,9200,LIRR
1369,4/27/2020,8800,LIRR
1370,4/26/2020,1900,LIRR
1371,4/25/2020,2900,LIRR
1372,4/24/2020,7800,LIRR
1373,4/23/2020,8400,LIRR
1374,4/22/2020,8700,LIRR
1375,4/21/2020,8300,LIRR
1376,4/20/2020,8900,LIRR
1377,4/19/2020,2200,LIRR
1378,4/18/2020,2400,LIRR
1379,4/17/2020,8300,LIRR
1380,4/16/2020,8500,LIRR
1381,4/15/2020,8600,LIRR
1382,4/14/2020,8800,LIRR
1383,4/13/2020,8200,LIRR
1384,4/12/2020,2200,LIRR
1385,4/11/2020,2700,LIRR
1386,4/10/2020,8200,LIRR
1387,4/9/2020,8400,LIRR
1388,4/8/2020,9000,LIRR
1389,4/7/2020,9300,LIRR
1390,4/6/2020,10100,LIRR
1391,4/5/2020,3000,LIRR
1392,4/4/2020,3700,LIRR
1393,4/3/2020,9700,LIRR
1394,4/2/2020,10100,LIRR
1395,4/1/2020,10500,LIRR
1396,2/28/2022,148200,MNR
1397,2/27/2022,56000,MNR
1398,2/26/2022,62900,MNR
1399,2/25/2022,93200,MNR
1400,2/24/2022,110400,MNR
1401,2/23/2022,119200,MNR
1402,2/22/2022,112800,MNR
1403,2/21/2022,63900,MNR
1404,2/20/2022,54900,MNR
1405,2/19/2022,66500,MNR
1406,2/18/2022,112000,MNR
1407,2/17/2022,115700,MNR
1408,2/16/2022,115300,MNR
1409,2/15/2022,119000,MNR
1410,2/14/2022,113300,MNR
1411,2/13/2022,46400,MNR
1412,2/12/2022,71800,MNR
1413,2/11/2022,110700,MNR
1414,2/10/2022,115700,MNR
1415,2/9/2022,115300,MNR
1416,2/8/2022,119200,MNR
1417,2/7/2022,111300,MNR
1418,2/6/2022,48400,MNR
1419,2/5/2022,61500,MNR
1420,2/4/2022,94300,MNR
1421,2/3/2022,104100,MNR
1422,2/2/2022,111000,MNR
1423,2/1/2022,111400,MNR
1424,1/31/2022,109700,MNR
1425,1/30/2022,45000,MNR
1426,1/29/2022,22000,MNR
1427,1/28/2022,96400,MNR
1428,1/27/2022,95700,MNR
1429,1/26/2022,96300,MNR
1430,1/25/2022,98900,MNR
1431,1/24/2022,100500,MNR
1432,1/23/2022,43600,MNR
1433,1/22/2022,53700,MNR
1434,1/21/2022,91100,MNR
1435,1/20/2022,88200,MNR
1436,1/19/2022,96300,MNR
1437,1/18/2022,100400,MNR
1438,1/17/2022,44100,MNR
1439,1/16/2022,38000,MNR
1440,1/15/2022,45300,MNR
1441,1/14/2022,88600,MNR
1442,1/13/2022,87700,MNR
1443,1/12/2022,86000,MNR
1444,1/11/2022,81400,MNR
1445,1/10/2022,90200,MNR
1446,1/9/2022,35300,MNR
1447,1/8/2022,46400,MNR
1448,1/7/2022,73100,MNR
1449,1/6/2022,82600,MNR
1450,1/5/2022,77600,MNR
1451,1/4/2022,82000,MNR
1452,1/3/2022,84000,MNR
1453,1/2/2022,42600,MNR
1454,1/1/2022,30300,MNR
1455,12/31/2021,85200,MNR
1456,12/30/2021,90800,MNR
1457,12/29/2021,92600,MNR
1458,12/28/2021,89700,MNR
1459,12/27/2021,89400,MNR
1460,12/26/2021,51500,MNR
1461,12/25/2021,31600,MNR
1462,12/24/2021,81100,MNR
1463,12/23/2021,97200,MNR
1464,12/22/2021,92900,MNR
1465,12/21/2021,97100,MNR
1466,12/20/2021,102700,MNR
1467,12/19/2021,56300,MNR
1468,12/18/2021,66100,MNR
1469,12/17/2021,121000,MNR
1470,12/16/2021,126100,MNR
1471,12/15/2021,129800,MNR
1472,12/14/2021,131800,MNR
1473,12/13/2021,129700,MNR
1474,12/12/2021,66500,MNR
1475,12/11/2021,81100,MNR
1476,12/10/2021,127700,MNR
1477,12/9/2021,126200,MNR
1478,12/8/2021,130200,MNR
1479,12/7/2021,131000,MNR
1480,12/6/2021,127300,MNR
1481,12/5/2021,60500,MNR
1482,12/4/2021,81400,MNR
1483,12/3/2021,119400,MNR
1484,12/2/2021,127500,MNR
1485,12/1/2021,136100,MNR
1486,11/30/2021,136600,MNR
1487,11/29/2021,132500,MNR
1488,11/28/2021,65100,MNR
1489,11/27/2021,76100,MNR
1490,11/26/2021,108700,MNR
1491,11/25/2021,69900,MNR
1492,11/24/2021,139400,MNR
1493,11/23/2021,136600,MNR
1494,11/22/2021,127800,MNR
1495,11/21/2021,66900,MNR
1496,11/20/2021,82900,MNR
1497,11/19/2021,127100,MNR
1498,11/18/2021,132600,MNR
1499,11/17/2021,131100,MNR
1500,11/16/2021,137200,MNR
1501,11/15/2021,132200,MNR
1502,11/14/2021,62900,MNR
1503,11/13/2021,74300,MNR
1504,11/12/2021,117700,MNR
1505,11/11/2021,122900,MNR
1506,11/10/2021,134400,MNR
1507,11/9/2021,134100,MNR
1508,11/8/2021,131100,MNR
1509,11/7/2021,72200,MNR
1510,11/6/2021,80800,MNR
1511,11/5/2021,121800,MNR
1512,11/4/2021,126500,MNR
1513,11/3/2021,131000,MNR
1514,11/2/2021,129300,MNR
1515,11/1/2021,131300,MNR
1516,10/31/2021,66300,MNR
1517,10/30/2021,69300,MNR
1518,10/29/2021,122600,MNR
1519,10/28/2021,132200,MNR
1520,10/27/2021,129900,MNR
1521,10/26/2021,104500,MNR
1522,10/25/2021,125800,MNR
1523,10/24/2021,68200,MNR
1524,10/23/2021,82900,MNR
1525,10/22/2021,126600,MNR
1526,10/21/2021,127300,MNR
1527,10/20/2021,131100,MNR
1528,10/19/2021,130000,MNR
1529,10/18/2021,127400,MNR
1530,10/17/2021,69700,MNR
1531,10/16/2021,74900,MNR
1532,10/15/2021,124700,MNR
1533,10/14/2021,126800,MNR
1534,10/13/2021,124800,MNR
1535,10/12/2021,128200,MNR
1536,10/11/2021,114500,MNR
1537,10/10/2021,59000,MNR
1538,10/9/2021,82000,MNR
1539,10/8/2021,123600,MNR
1540,10/7/2021,121400,MNR
1541,10/6/2021,123100,MNR
1542,10/5/2021,124700,MNR
1543,10/4/2021,121300,MNR
1544,10/3/2021,66800,MNR
1545,10/2/2021,80900,MNR
1546,10/1/2021,116200,MNR
1547,9/30/2021,121800,MNR
1548,9/29/2021,120000,MNR
1549,9/28/2021,118300,MNR
1550,9/27/2021,121500,MNR
1551,9/26/2021,64900,MNR
1552,9/25/2021,81300,MNR
1553,9/24/2021,116700,MNR
1554,9/23/2021,115500,MNR
1555,9/22/2021,120100,MNR
1556,9/21/2021,123900,MNR
1557,9/20/2021,122100,MNR
1558,9/19/2021,64100,MNR
1559,9/18/2021,76300,MNR
1560,9/17/2021,119300,MNR
1561,9/16/2021,107700,MNR
1562,9/15/2021,116400,MNR
1563,9/14/2021,120500,MNR
1564,9/13/2021,122500,MNR
1565,9/12/2021,59000,MNR
1566,9/11/2021,65300,MNR
1567,9/10/2021,113500,MNR
1568,9/9/2021,111700,MNR
1569,9/8/2021,110900,MNR
1570,9/7/2021,113700,MNR
1571,9/6/2021,51300,MNR
1572,9/5/2021,45200,MNR
1573,9/4/2021,57100,MNR
1574,9/3/2021,97900,MNR
1575,9/1/2021,90600,MNR
1576,8/31/2021,99900,MNR
1577,8/30/2021,97100,MNR
1578,8/29/2021,54100,MNR
1579,8/28/2021,56200,MNR
1580,8/27/2021,90500,MNR
1581,8/26/2021,91000,MNR
1582,8/25/2021,93300,MNR
1583,8/24/2021,98300,MNR
1584,8/23/2021,84200,MNR
1585,8/22/2021,16100,MNR
1586,8/21/2021,62000,MNR
1587,8/20/2021,99500,MNR
1588,8/19/2021,93000,MNR
1589,8/18/2021,97900,MNR
1590,8/17/2021,103600,MNR
1591,8/16/2021,100300,MNR
1592,8/15/2021,54400,MNR
1593,8/14/2021,57700,MNR
1594,8/13/2021,91900,MNR
1595,8/12/2021,90800,MNR
1596,8/11/2021,94700,MNR
1597,8/10/2021,95300,MNR
1598,8/9/2021,95600,MNR
1599,8/8/2021,54300,MNR
1600,8/7/2021,67300,MNR
1601,8/6/2021,101200,MNR
1602,8/5/2021,98300,MNR
1603,8/4/2021,99300,MNR
1604,8/3/2021,103200,MNR
1605,8/2/2021,102300,MNR
1606,8/1/2021,52000,MNR
1607,7/31/2021,67100,MNR
1608,7/30/2021,103500,MNR
1609,7/29/2021,94700,MNR
1610,7/28/2021,100000,MNR
1611,7/27/2021,103000,MNR
1612,7/26/2021,101300,MNR
1613,7/25/2021,53100,MNR
1614,7/24/2021,68600,MNR
1615,7/23/2021,101100,MNR
1616,7/22/2021,102300,MNR
1617,7/21/2021,104900,MNR
1618,7/20/2021,107000,MNR
1619,7/19/2021,103400,MNR
1620,7/18/2021,56200,MNR
1621,7/17/2021,64500,MNR
1622,7/16/2021,104300,MNR
1623,7/15/2021,105200,MNR
1624,7/14/2021,101800,MNR
1625,7/13/2021,105300,MNR
1626,7/12/2021,99000,MNR
1627,7/11/2021,53200,MNR
1628,7/10/2021,64400,MNR
1629,7/9/2021,88300,MNR
1630,7/8/2021,93200,MNR
1631,7/7/2021,99100,MNR
1632,7/6/2021,100500,MNR
1633,7/5/2021,59700,MNR
1634,7/4/2021,63900,MNR
1635,7/3/2021,57400,MNR
1636,7/2/2021,94300,MNR
1637,7/1/2021,90000,MNR
1638,6/30/2021,99500,MNR
1639,6/29/2021,97800,MNR
1640,6/28/2021,101500,MNR
1641,6/27/2021,62400,MNR
1642,6/26/2021,66700,MNR
1643,6/25/2021,100500,MNR
1644,6/24/2021,100500,MNR
1645,6/23/2021,101900,MNR
1646,6/22/2021,97600,MNR
1647,6/21/2021,95700,MNR
1648,6/20/2021,60900,MNR
1649,6/19/2021,66100,MNR
1650,6/18/2021,104300,MNR
1651,6/17/2021,98400,MNR
1652,6/16/2021,94700,MNR
1653,6/15/2021,96700,MNR
1654,6/14/2021,91100,MNR
1655,6/13/2021,51700,MNR
1656,6/12/2021,61500,MNR
1657,6/11/2021,94600,MNR
1658,6/10/2021,91300,MNR
1659,6/9/2021,90600,MNR
1660,6/8/2021,88000,MNR
1661,6/7/2021,89400,MNR
1662,6/6/2021,51500,MNR
1663,6/5/2021,62700,MNR
1664,6/4/2021,88900,MNR
1665,6/3/2021,84800,MNR
1666,6/2/2021,90800,MNR
1667,6/1/2021,94900,MNR
1668,5/31/2021,63000,MNR
1669,5/30/2021,47200,MNR
1670,5/29/2021,71700,MNR
1671,5/28/2021,89300,MNR
1672,5/27/2021,90600,MNR
1673,5/26/2021,86700,MNR
1674,5/25/2021,85900,MNR
1675,5/24/2021,80800,MNR
1676,5/23/2021,63700,MNR
1677,5/22/2021,94500,MNR
1678,5/21/2021,90900,MNR
1679,5/20/2021,82700,MNR
1680,5/19/2021,82700,MNR
1681,5/18/2021,80300,MNR
1682,5/17/2021,77300,MNR
1683,5/16/2021,56800,MNR
1684,5/15/2021,91100,MNR
1685,5/14/2021,85700,MNR
1686,5/13/2021,80000,MNR
1687,5/12/2021,77900,MNR
1688,5/11/2021,75400,MNR
1689,5/10/2021,73300,MNR
1690,5/9/2021,59300,MNR
1691,5/8/2021,78700,MNR
1692,5/7/2021,83100,MNR
1693,5/6/2021,76000,MNR
1694,5/5/2021,70300,MNR
1695,5/4/2021,72300,MNR
1696,5/3/2021,67100,MNR
1697,5/2/2021,51300,MNR
1698,5/1/2021,76300,MNR
1699,4/30/2021,77700,MNR
1700,4/29/2021,69000,MNR
1701,4/28/2021,72900,MNR
1702,4/27/2021,69300,MNR
1703,4/26/2021,68600,MNR
1704,4/25/2021,37100,MNR
1705,4/24/2021,78900,MNR
1706,4/23/2021,76100,MNR
1707,4/22/2021,67600,MNR
1708,4/21/2021,66000,MNR
1709,4/20/2021,72000,MNR
1710,4/19/2021,67400,MNR
1711,4/18/2021,48200,MNR
1712,4/17/2021,72600,MNR
1713,4/16/2021,73600,MNR
1714,4/15/2021,63800,MNR
1715,4/14/2021,69900,MNR
1716,4/13/2021,67600,MNR
1717,4/12/2021,63900,MNR
1718,4/11/2021,35600,MNR
1719,4/10/2021,66800,MNR
1720,4/9/2021,71000,MNR
1721,4/8/2021,68000,MNR
1722,4/7/2021,66700,MNR
1723,4/6/2021,66200,MNR
1724,4/5/2021,67700,MNR
1725,4/4/2021,47700,MNR
1726,4/3/2021,68800,MNR
1727,4/2/2021,66800,MNR
1728,4/1/2021,55500,MNR
1729,3/31/2021,61600,MNR
1730,3/30/2021,65600,MNR
1731,3/29/2021,62400,MNR
1732,3/28/2021,29900,MNR
1733,3/27/2021,63600,MNR
1734,3/26/2021,64500,MNR
1735,3/25/2021,61200,MNR
1736,3/24/2021,56500,MNR
1737,3/23/2021,58700,MNR
1738,3/22/2021,61100,MNR
1739,3/21/2021,37600,MNR
1740,3/20/2021,54900,MNR
1741,3/19/2021,60700,MNR
1742,3/18/2021,55400,MNR
1743,3/17/2021,58400,MNR
1744,3/16/2021,56400,MNR
1745,3/15/2021,55800,MNR
1746,3/14/2021,31800,MNR
1747,3/13/2021,52300,MNR
1748,3/12/2021,63200,MNR
1749,3/11/2021,59000,MNR
1750,3/10/2021,58100,MNR
1751,3/9/2021,57700,MNR
1752,3/8/2021,56100,MNR
1753,3/7/2021,30700,MNR
1754,3/6/2021,45300,MNR
1755,3/5/2021,58600,MNR
1756,3/4/2021,55100,MNR
1757,3/3/2021,55500,MNR
1758,3/2/2021,51600,MNR
1759,3/1/2021,51300,MNR
1760,2/28/2021,27700,MNR
1761,2/27/2021,38900,MNR
1762,2/26/2021,56500,MNR
1763,2/25/2021,53400,MNR
1764,2/24/2021,53500,MNR
1765,2/23/2021,51600,MNR
1766,2/22/2021,48900,MNR
1767,2/21/2021,27300,MNR
1768,2/20/2021,41200,MNR
1769,2/19/2021,48700,MNR
1770,2/18/2021,43000,MNR
1771,2/17/2021,53700,MNR
1772,2/16/2021,49900,MNR
1773,2/15/2021,30000,MNR
1774,2/14/2021,28200,MNR
1775,2/13/2021,40800,MNR
1776,2/12/2021,53700,MNR
1777,2/11/2021,50500,MNR
1778,2/10/2021,50100,MNR
1779,2/9/2021,47600,MNR
1780,2/8/2021,50900,MNR
1781,2/7/2021,19400,MNR
1782,2/6/2021,40300,MNR
1783,2/5/2021,51300,MNR
1784,2/4/2021,51000,MNR
1785,2/3/2021,49700,MNR
1786,2/2/2021,30600,MNR
1787,2/1/2021,16700,MNR
1788,1/31/2021,28400,MNR
1789,1/30/2021,40800,MNR
1790,1/29/2021,49700,MNR
1791,1/28/2021,52000,MNR
1792,1/27/2021,50500,MNR
1793,1/26/2021,49300,MNR
1794,1/25/2021,52100,MNR
1795,1/24/2021,29000,MNR
1796,1/23/2021,42700,MNR
1797,1/22/2021,54000,MNR
1798,1/21/2021,52000,MNR
1799,1/20/2021,50000,MNR
1800,1/19/2021,52600,MNR
1801,1/18/2021,31900,MNR
1802,1/17/2021,32900,MNR
1803,1/16/2021,43400,MNR
1804,1/15/2021,54000,MNR
1805,1/14/2021,52500,MNR
1806,1/13/2021,51700,MNR
1807,1/12/2021,52100,MNR
1808,1/11/2021,51400,MNR
1809,1/10/2021,29300,MNR
1810,1/9/2021,42900,MNR
1811,1/8/2021,51500,MNR
1812,1/7/2021,51000,MNR
1813,1/6/2021,50800,MNR
1814,1/5/2021,51000,MNR
1815,1/4/2021,50900,MNR
1816,1/3/2021,25200,MNR
1817,1/2/2021,44500,MNR
1818,1/1/2021,8200,MNR
1819,12/31/2020,21600,MNR
1820,12/30/2020,58000,MNR
1821,12/29/2020,56200,MNR
1822,12/28/2020,58500,MNR
1823,12/27/2020,33200,MNR
1824,12/26/2020,42400,MNR
1825,12/25/2020,7300,MNR
1826,12/24/2020,54600,MNR
1827,12/23/2020,59700,MNR
1828,12/22/2020,56400,MNR
1829,12/21/2020,56800,MNR
1830,12/20/2020,30500,MNR
1831,12/19/2020,46600,MNR
1832,12/18/2020,54400,MNR
1833,12/17/2020,17600,MNR
1834,12/16/2020,47600,MNR
1835,12/15/2020,54600,MNR
1836,12/14/2020,51500,MNR
1837,12/13/2020,36800,MNR
1838,12/12/2020,46400,MNR
1839,12/11/2020,55900,MNR
1840,12/10/2020,52800,MNR
1841,12/9/2020,50900,MNR
1842,12/8/2020,51900,MNR
1843,12/7/2020,52600,MNR
1844,12/6/2020,31900,MNR
1845,12/5/2020,37900,MNR
1846,12/4/2020,51700,MNR
1847,12/3/2020,52000,MNR
1848,12/2/2020,50500,MNR
1849,12/1/2020,50200,MNR
1850,11/30/2020,54200,MNR
1851,11/29/2020,34400,MNR
1852,11/28/2020,45600,MNR
1853,11/27/2020,12300,MNR
1854,11/26/2020,10700,MNR
1855,11/25/2020,67200,MNR
1856,11/24/2020,61100,MNR
1857,11/23/2020,59500,MNR
1858,11/22/2020,31900,MNR
1859,11/21/2020,51200,MNR
1860,11/20/2020,60400,MNR
1861,11/19/2020,57800,MNR
1862,11/18/2020,57700,MNR
1863,11/17/2020,58600,MNR
1864,11/16/2020,61400,MNR
1865,11/15/2020,32900,MNR
1866,11/14/2020,58000,MNR
1867,11/13/2020,61000,MNR
1868,11/12/2020,58200,MNR
1869,11/11/2020,21200,MNR
1870,11/10/2020,63000,MNR
1871,11/9/2020,62400,MNR
1872,11/8/2020,44000,MNR
1873,11/7/2020,66300,MNR
1874,11/6/2020,65000,MNR
1875,11/5/2020,59900,MNR
1876,11/4/2020,56400,MNR
1877,11/3/2020,58100,MNR
1878,11/2/2020,59400,MNR
1879,11/1/2020,35500,MNR
1880,10/31/2020,63600,MNR
1881,10/30/2020,65900,MNR
1882,10/29/2020,60300,MNR
1883,10/28/2020,64000,MNR
1884,10/27/2020,64400,MNR
1885,10/26/2020,64800,MNR
1886,10/25/2020,45000,MNR
1887,10/24/2020,72200,MNR
1888,10/23/2020,71100,MNR
1889,10/22/2020,67000,MNR
1890,10/21/2020,65200,MNR
1891,10/20/2020,63500,MNR
1892,10/19/2020,66000,MNR
1893,10/18/2020,48700,MNR
1894,10/17/2020,70500,MNR
1895,10/16/2020,64900,MNR
1896,10/15/2020,67700,MNR
1897,10/14/2020,66700,MNR
1898,10/13/2020,62700,MNR
1899,10/12/2020,59300,MNR
1900,10/11/2020,45700,MNR
1901,10/10/2020,77300,MNR
1902,10/9/2020,72400,MNR
1903,10/8/2020,65600,MNR
1904,10/7/2020,64300,MNR
1905,10/6/2020,65100,MNR
1906,10/5/2020,62900,MNR
1907,10/4/2020,43900,MNR
1908,10/3/2020,68900,MNR
1909,10/2/2020,67100,MNR
1910,10/1/2020,62100,MNR
1911,9/30/2020,61500,MNR
1912,9/29/2020,59700,MNR
1913,9/28/2020,63800,MNR
1914,9/27/2020,45200,MNR
1915,9/26/2020,66800,MNR
1916,9/25/2020,67900,MNR
1917,9/24/2020,62400,MNR
1918,9/23/2020,62300,MNR
1919,9/22/2020,61000,MNR
1920,9/21/2020,61800,MNR
1921,9/20/2020,41800,MNR
1922,9/19/2020,64600,MNR
1923,9/18/2020,65700,MNR
1924,9/17/2020,61500,MNR
1925,9/16/2020,60700,MNR
1926,9/15/2020,60800,MNR
1927,9/14/2020,60900,MNR
1928,9/13/2020,38100,MNR
1929,9/12/2020,60500,MNR
1930,9/11/2020,65100,MNR
1931,9/10/2020,57100,MNR
1932,9/9/2020,61500,MNR
1933,9/8/2020,63300,MNR
1934,9/7/2020,40300,MNR
1935,9/6/2020,45400,MNR
1936,9/5/2020,64700,MNR
1937,9/4/2020,64200,MNR
1938,9/3/2020,58000,MNR
1939,9/2/2020,53000,MNR
1940,9/1/2020,53100,MNR
1941,8/31/2020,52700,MNR
1942,8/30/2020,41600,MNR
1943,8/29/2020,41300,MNR
1944,8/28/2020,53100,MNR
1945,8/27/2020,48800,MNR
1946,8/26/2020,50800,MNR
1947,8/25/2020,49700,MNR
1948,8/24/2020,50100,MNR
1949,8/23/2020,35300,MNR
1950,8/22/2020,51600,MNR
1951,8/21/2020,53000,MNR
1952,8/20/2020,50900,MNR
1953,8/19/2020,47700,MNR
1954,8/18/2020,47900,MNR
1955,8/17/2020,49400,MNR
1956,8/16/2020,28500,MNR
1957,8/15/2020,51400,MNR
1958,8/14/2020,50700,MNR
1959,8/13/2020,46500,MNR
1960,8/12/2020,46800,MNR
1961,8/11/2020,46700,MNR
1962,8/10/2020,46800,MNR
1963,8/9/2020,32200,MNR
1964,8/8/2020,43600,MNR
1965,8/7/2020,42400,MNR
1966,8/6/2020,38800,MNR
1967,8/5/2020,36900,MNR
1968,8/4/2020,31100,MNR
1969,8/3/2020,45900,MNR
1970,8/2/2020,28100,MNR
1971,8/1/2020,48700,MNR
1972,7/31/2020,50900,MNR
1973,7/30/2020,48600,MNR
1974,7/29/2020,48500,MNR
1975,7/28/2020,45800,MNR
1976,7/27/2020,45700,MNR
1977,7/26/2020,32300,MNR
1978,7/25/2020,47600,MNR
1979,7/24/2020,49000,MNR
1980,7/23/2020,47000,MNR
1981,7/22/2020,46700,MNR
1982,7/21/2020,48000,MNR
1983,7/20/2020,46800,MNR
1984,7/19/2020,29900,MNR
1985,7/18/2020,45500,MNR
1986,7/17/2020,47400,MNR
1987,7/16/2020,47400,MNR
1988,7/15/2020,46900,MNR
1989,7/14/2020,46200,MNR
1990,7/13/2020,46200,MNR
1991,7/12/2020,31800,MNR
1992,7/11/2020,35300,MNR
1993,7/10/2020,39700,MNR
1994,7/9/2020,45500,MNR
1995,7/8/2020,43400,MNR
1996,7/7/2020,44100,MNR
1997,7/6/2020,44300,MNR
1998,7/5/2020,30600,MNR
1999,7/4/2020,41800,MNR
2000,7/3/2020,42900,MNR
2001,7/2/2020,45500,MNR
2002,7/1/2020,40000,MNR
2003,6/30/2020,40900,MNR
2004,6/29/2020,42600,MNR
2005,6/28/2020,26200,MNR
2006,6/27/2020,34800,MNR
2007,6/26/2020,41500,MNR
2008,6/25/2020,38200,MNR
2009,6/24/2020,38000,MNR
2010,6/23/2020,37600,MNR
2011,6/22/2020,38400,MNR
2012,6/21/2020,27600,MNR
2013,6/20/2020,36000,MNR
2014,6/19/2020,38800,MNR
2015,6/18/2020,35800,MNR
2016,6/17/2020,36300,MNR
2017,6/16/2020,34100,MNR
2018,6/15/2020,34500,MNR
2019,6/14/2020,22700,MNR
2020,6/13/2020,32400,MNR
2021,6/12/2020,33700,MNR
2022,6/11/2020,29100,MNR
2023,6/10/2020,30800,MNR
2024,6/9/2020,29500,MNR
2025,6/8/2020,30500,MNR
2026,6/7/2020,18500,MNR
2027,6/6/2020,23600,MNR
2028,6/5/2020,25200,MNR
2029,6/4/2020,25500,MNR
2030,6/3/2020,23500,MNR
2031,6/2/2020,24600,MNR
2032,6/1/2020,24500,MNR
2033,5/31/2020,14700,MNR
2034,5/30/2020,20300,MNR
2035,5/29/2020,21200,MNR
2036,5/28/2020,20400,MNR
2037,5/27/2020,21000,MNR
2038,5/26/2020,21800,MNR
2039,5/25/2020,19000,MNR
2040,5/24/2020,14100,MNR
2041,5/23/2020,14000,MNR
2042,5/22/2020,19900,MNR
2043,5/21/2020,19200,MNR
2044,5/20/2020,18500,MNR
2045,5/19/2020,18700,MNR
2046,5/18/2020,19200,MNR
2047,5/17/2020,3300,MNR
2048,5/16/2020,18400,MNR
2049,5/15/2020,45300,MNR
2050,5/14/2020,16400,MNR
2051,5/13/2020,17200,MNR
2052,5/12/2020,16700,MNR
2053,5/11/2020,16700,MNR
2054,5/10/2020,9200,MNR
2055,5/9/2020,11100,MNR
2056,5/8/2020,15200,MNR
2057,5/7/2020,16200,MNR
2058,5/6/2020,14700,MNR
2059,5/5/2020,15500,MNR
2060,5/4/2020,15800,MNR
2061,5/3/2020,7600,MNR
2062,5/2/2020,10900,MNR
2063,5/1/2020,12400,MNR
2064,4/30/2020,14400,MNR
2065,4/29/2020,14800,MNR
2066,4/28/2020,15400,MNR
2067,4/27/2020,15000,MNR
2068,4/26/2020,5400,MNR
2069,4/25/2020,9100,MNR
2070,4/24/2020,13200,MNR
2071,4/23/2020,13800,MNR
2072,4/22/2020,14100,MNR
2073,4/21/2020,13700,MNR
2074,4/20/2020,14800,MNR
2075,4/19/2020,6000,MNR
2076,4/18/2020,7200,MNR
2077,4/17/2020,13500,MNR
2078,4/16/2020,13800,MNR
2079,4/15/2020,13800,MNR
2080,4/14/2020,14100,MNR
2081,4/13/2020,13000,MNR
2082,4/12/2020,5100,MNR
2083,4/11/2020,7600,MNR
2084,4/10/2020,13000,MNR
2085,4/9/2020,12900,MNR
2086,4/8/2020,13500,MNR
2087,4/7/2020,14100,MNR
2088,4/6/2020,14400,MNR
2089,4/5/2020,5600,MNR
2090,4/4/2020,8100,MNR
2091,4/3/2020,13200,MNR
2092,4/2/2020,13700,MNR
2093,4/1/2020,13600,MNR
