,c_a,unit,scp,station,line_name,division,date,time,description,entries,exits
0,A033,R170,02-00-00,14 ST-UNION SQ,LNQR456W,BMT,2018-12-28T00:00:00.000,00:00:00,REGULAR,2056268,5177036
1,A033,R170,02-00-03,14 ST-UNION SQ,LNQR456W,BMT,2018-12-28T00:00:00.000,00:00:00,REGULAR,6069026,7074661
2,A033,R170,02-06-00,14 ST-UNION SQ,LNQR456W,BMT,2018-12-28T00:00:00.000,00:00:00,REGULAR,694109,207786
3,A033,R170,02-00-04,14 ST-UNION SQ,LNQR456W,BMT,2018-12-28T00:00:00.000,00:00:00,REGULAR,4927946,3748371
4,A033,R170,02-00-03,14 ST-UNION SQ,LNQR456W,BMT,2018-12-28T00:00:00.000,00:00:00,REGULAR,6069026,7074661
5,A033,R170,02-00-04,14 ST-UNION SQ,LNQR456W,BMT,2018-12-28T00:00:00.000,00:00:00,REGULAR,4927946,3748371
6,A033,R170,02-06-00,14 ST-UNION SQ,LNQR456W,BMT,2018-12-28T00:00:00.000,00:00:00,REGULAR,694109,207786
7,A033,R170,02-00-05,14 ST-UNION SQ,LNQR456W,BMT,2018-12-28T00:00:00.000,00:00:00,REGULAR,15598097,6250334
8,A033,R170,02-00-02,14 ST-UNION SQ,LNQR456W,BMT,2018-12-28T00:00:00.000,00:00:00,REGULAR,14197229,13704110
9,A033,R170,02-00-02,14 ST-UNION SQ,LNQR456W,BMT,2018-12-28T00:00:00.000,00:00:00,REGULAR,14197229,13704110
10,A033,R170,02-00-01,14 ST-UNION SQ,LNQR456W,BMT,2018-12-28T00:00:00.000,00:00:00,REGULAR,1806541,2182381
11,A033,R170,02-06-01,14 ST-UNION SQ,LNQR456W,BMT,2018-12-28T00:00:00.000,00:00:00,REGULAR,70294362,20274025
12,A033,R170,02-06-01,14 ST-UNION SQ,LNQR456W,BMT,2018-12-28T00:00:00.000,00:00:00,REGULAR,70294362,20274025
13,A033,R170,02-00-05,14 ST-UNION SQ,LNQR456W,BMT,2018-12-28T00:00:00.000,00:00:00,REGULAR,15598097,6250334
14,A033,R170,02-00-01,14 ST-UNION SQ,LNQR456W,BMT,2018-12-28T00:00:00.000,00:00:00,REGULAR,1806541,2182381
15,A033,R170,02-00-00,14 ST-UNION SQ,LNQR456W,BMT,2018-12-28T00:00:00.000,00:00:00,REGULAR,2056268,5177036
16,A034,R170,03-03-00,14 ST-UNION SQ,LNQR456W,BMT,2018-12-28T00:00:00.000,00:00:00,REGULAR,3298435,8319358
17,A034,R170,03-00-00,14 ST-UNION SQ,LNQR456W,BMT,2018-12-28T00:00:00.000,00:00:00,REGULAR,1923632,14843362
18,A034,R170,03-03-01,14 ST-UNION SQ,LNQR456W,BMT,2018-12-28T00:00:00.000,00:00:00,REGULAR,5569358,3334854
19,A034,R170,03-06-02,14 ST-UNION SQ,LNQR456W,BMT,2018-12-28T00:00:00.000,00:00:00,REGULAR,202795687,85357013
20,A034,R170,03-06-00,14 ST-UNION SQ,LNQR456W,BMT,2018-12-28T00:00:00.000,00:00:00,REGULAR,68007701,17207000
21,A034,R170,03-06-00,14 ST-UNION SQ,LNQR456W,BMT,2018-12-28T00:00:00.000,00:00:00,REGULAR,68007701,17207000
22,A034,R170,03-03-02,14 ST-UNION SQ,LNQR456W,BMT,2018-12-28T00:00:00.000,00:00:00,REGULAR,11499477,1255112
23,A034,R170,03-00-02,14 ST-UNION SQ,LNQR456W,BMT,2018-12-28T00:00:00.000,00:00:00,REGULAR,3687618,2644410
24,A034,R170,03-03-00,14 ST-UNION SQ,LNQR456W,BMT,2018-12-28T00:00:00.000,00:00:00,REGULAR,3298435,8319358
25,A034,R170,03-06-02,14 ST-UNION SQ,LNQR456W,BMT,2018-12-28T00:00:00.000,00:00:00,REGULAR,202795687,85357013
26,A034,R170,03-03-01,14 ST-UNION SQ,LNQR456W,BMT,2018-12-28T00:00:00.000,00:00:00,REGULAR,5569358,3334854
27,A034,R170,03-03-02,14 ST-UNION SQ,LNQR456W,BMT,2018-12-28T00:00:00.000,00:00:00,REGULAR,11499477,1255112
28,A034,R170,03-06-01,14 ST-UNION SQ,LNQR456W,BMT,2018-12-28T00:00:00.000,00:00:00,REGULAR,3965537,2697302
29,A034,R170,03-00-00,14 ST-UNION SQ,LNQR456W,BMT,2018-12-28T00:00:00.000,00:00:00,REGULAR,1923632,14843362
30,A034,R170,03-06-01,14 ST-UNION SQ,LNQR456W,BMT,2018-12-28T00:00:00.000,00:00:00,REGULAR,3965537,2697302
31,A034,R170,03-00-01,14 ST-UNION SQ,LNQR456W,BMT,2018-12-28T00:00:00.000,00:00:00,REGULAR,499334,1229391
32,A034,R170,03-00-01,14 ST-UNION SQ,LNQR456W,BMT,2018-12-28T00:00:00.000,00:00:00,REGULAR,499334,1229391
33,A034,R170,03-00-02,14 ST-UNION SQ,LNQR456W,BMT,2018-12-28T00:00:00.000,00:00:00,REGULAR,3687618,2644410
34,A035,R170,00-00-02,14 ST-UNION SQ,LNQR456W,BMT,2018-12-28T00:00:00.000,00:00:00,REGULAR,585493,1397287
35,A035,R170,00-00-01,14 ST-UNION SQ,LNQR456W,BMT,2018-12-28T00:00:00.000,00:00:00,REGULAR,161699,590441
36,A035,R170,00-00-00,14 ST-UNION SQ,LNQR456W,BMT,2018-12-28T00:00:00.000,00:00:00,REGULAR,104776,232039
37,A035,R170,00-00-00,14 ST-UNION SQ,LNQR456W,BMT,2018-12-28T00:00:00.000,00:00:00,REGULAR,104776,232039
38,A035,R170,00-00-02,14 ST-UNION SQ,LNQR456W,BMT,2018-12-28T00:00:00.000,00:00:00,REGULAR,585493,1397287
39,A035,R170,00-00-04,14 ST-UNION SQ,LNQR456W,BMT,2018-12-28T00:00:00.000,00:00:00,REGULAR,1758328,321665
40,A035,R170,00-00-03,14 ST-UNION SQ,LNQR456W,BMT,2018-12-28T00:00:00.000,00:00:00,REGULAR,3712006,3103429
41,A035,R170,00-00-04,14 ST-UNION SQ,LNQR456W,BMT,2018-12-28T00:00:00.000,00:00:00,REGULAR,1758328,321665
42,A035,R170,00-00-01,14 ST-UNION SQ,LNQR456W,BMT,2018-12-28T00:00:00.000,00:00:00,REGULAR,161699,590441
43,A035,R170,00-00-03,14 ST-UNION SQ,LNQR456W,BMT,2018-12-28T00:00:00.000,00:00:00,REGULAR,3712006,3103429
44,A037,R170,05-00-00,14 ST-UNION SQ,LNQR456W,BMT,2018-12-28T00:00:00.000,00:00:00,REGULAR,2456950,1224439
45,A037,R170,05-00-02,14 ST-UNION SQ,LNQR456W,BMT,2018-12-28T00:00:00.000,00:00:00,REGULAR,6365570,1705149
46,A037,R170,05-00-03,14 ST-UNION SQ,LNQR456W,BMT,2018-12-28T00:00:00.000,00:00:00,REGULAR,24873971,4114088
47,A037,R170,05-00-01,14 ST-UNION SQ,LNQR456W,BMT,2018-12-28T00:00:00.000,00:00:00,REGULAR,4510332,2043597
48,A037,R170,05-00-03,14 ST-UNION SQ,LNQR456W,BMT,2018-12-28T00:00:00.000,00:00:00,REGULAR,24873971,4114088
49,A037,R170,05-00-02,14 ST-UNION SQ,LNQR456W,BMT,2018-12-28T00:00:00.000,00:00:00,REGULAR,6365570,1705149
50,A037,R170,05-00-00,14 ST-UNION SQ,LNQR456W,BMT,2018-12-28T00:00:00.000,00:00:00,REGULAR,2456950,1224439
51,A037,R170,05-00-01,14 ST-UNION SQ,LNQR456W,BMT,2018-12-28T00:00:00.000,00:00:00,REGULAR,4510332,2043597
52,A043,R462,00-00-01,CANAL ST,JNQRZ6W,BMT,2018-12-28T00:00:00.000,00:00:00,REGULAR,354961633,439898726
53,A043,R462,00-06-02,CANAL ST,JNQRZ6W,BMT,2018-12-28T00:00:00.000,00:00:00,REGULAR,6825565,6863701
54,A043,R462,00-03-00,CANAL ST,JNQRZ6W,BMT,2018-12-28T00:00:00.000,00:00:00,REGULAR,5194923,3602835
55,A043,R462,00-03-04,CANAL ST,JNQRZ6W,BMT,2018-12-28T00:00:00.000,00:00:00,REGULAR,8452398,8252333
56,A043,R462,00-03-01,CANAL ST,JNQRZ6W,BMT,2018-12-28T00:00:00.000,00:00:00,REGULAR,4930860,1657854
57,A043,R462,00-06-02,CANAL ST,JNQRZ6W,BMT,2018-12-28T00:00:00.000,00:00:00,REGULAR,6825565,6863701
58,A043,R462,00-00-02,CANAL ST,JNQRZ6W,BMT,2018-12-28T00:00:00.000,00:00:00,REGULAR,13414013,12743931
59,A043,R462,00-03-03,CANAL ST,JNQRZ6W,BMT,2018-12-28T00:00:00.000,00:00:00,REGULAR,3409865,1735589
60,A043,R462,00-00-01,CANAL ST,JNQRZ6W,BMT,2018-12-28T00:00:00.000,00:00:00,REGULAR,354961633,439898726
61,A043,R462,00-00-02,CANAL ST,JNQRZ6W,BMT,2018-12-28T00:00:00.000,00:00:00,REGULAR,13414013,12743931
62,A043,R462,00-06-01,CANAL ST,JNQRZ6W,BMT,2018-12-28T00:00:00.000,00:00:00,REGULAR,3419421,1632773
63,A043,R462,00-03-00,CANAL ST,JNQRZ6W,BMT,2018-12-28T00:00:00.000,00:00:00,REGULAR,5194923,3602835
64,A043,R462,00-00-00,CANAL ST,JNQRZ6W,BMT,2018-12-28T00:00:00.000,00:00:00,REGULAR,371003070,455493692
65,A043,R462,00-03-03,CANAL ST,JNQRZ6W,BMT,2018-12-28T00:00:00.000,00:00:00,REGULAR,3409865,1735589
66,A043,R462,00-03-01,CANAL ST,JNQRZ6W,BMT,2018-12-28T00:00:00.000,00:00:00,REGULAR,4930860,1657854
67,A043,R462,00-03-02,CANAL ST,JNQRZ6W,BMT,2018-12-28T00:00:00.000,00:00:00,REGULAR,4037213,1739151
68,A043,R462,00-03-04,CANAL ST,JNQRZ6W,BMT,2018-12-28T00:00:00.000,00:00:00,REGULAR,8452398,8252333
69,A043,R462,00-06-00,CANAL ST,JNQRZ6W,BMT,2018-12-28T00:00:00.000,00:00:00,REGULAR,654981,428792
70,A043,R462,00-00-00,CANAL ST,JNQRZ6W,BMT,2018-12-28T00:00:00.000,00:00:00,REGULAR,371003070,455493692
71,A043,R462,00-03-02,CANAL ST,JNQRZ6W,BMT,2018-12-28T00:00:00.000,00:00:00,REGULAR,4037213,1739151
72,A043,R462,00-06-00,CANAL ST,JNQRZ6W,BMT,2018-12-28T00:00:00.000,00:00:00,REGULAR,654981,428792
73,A043,R462,00-06-01,CANAL ST,JNQRZ6W,BMT,2018-12-28T00:00:00.000,00:00:00,REGULAR,3419421,1632773
74,A046,R463,00-06-04,CANAL ST,JNQRZ6W,BMT,2018-12-28T00:00:00.000,00:00:00,REGULAR,4072096,8466002
75,A046,R463,00-05-03,CANAL ST,JNQRZ6W,BMT,2018-12-28T00:00:00.000,00:00:00,REGULAR,0,498
76,A046,R463,00-06-03,CANAL ST,JNQRZ6W,BMT,2018-12-28T00:00:00.000,00:00:00,REGULAR,50929851,4815033
77,A046,R463,00-03-01,CANAL ST,JNQRZ6W,BMT,2018-12-28T00:00:00.000,00:00:00,REGULAR,12411878,13460080
78,A046,R463,00-06-07,CANAL ST,JNQRZ6W,BMT,2018-12-28T00:00:00.000,00:00:00,REGULAR,4623105,12870019
79,A046,R463,00-06-02,CANAL ST,JNQRZ6W,BMT,2018-12-28T00:00:00.000,00:00:00,REGULAR,11219311,2209458
80,A046,R463,00-06-02,CANAL ST,JNQRZ6W,BMT,2018-12-28T00:00:00.000,00:00:00,REGULAR,11219311,2209458
81,A046,R463,00-03-01,CANAL ST,JNQRZ6W,BMT,2018-12-28T00:00:00.000,00:00:00,REGULAR,12411878,13460080
82,A046,R463,00-06-01,CANAL ST,JNQRZ6W,BMT,2018-12-28T00:00:00.000,00:00:00,REGULAR,12279290,2165976
83,A046,R463,00-03-00,CANAL ST,JNQRZ6W,BMT,2018-12-28T00:00:00.000,00:00:00,REGULAR,9002144,7274520
84,A046,R463,00-00-03,CANAL ST,JNQRZ6W,BMT,2018-12-28T00:00:00.000,00:00:00,REGULAR,5445172,464738
85,A046,R463,00-00-02,CANAL ST,JNQRZ6W,BMT,2018-12-28T00:00:00.000,00:00:00,REGULAR,9062207,495342
86,A046,R463,00-06-08,CANAL ST,JNQRZ6W,BMT,2018-12-28T00:00:00.000,00:00:00,REGULAR,1521431,9889092
87,A046,R463,00-06-00,CANAL ST,JNQRZ6W,BMT,2018-12-28T00:00:00.000,00:00:00,REGULAR,1949482708,588118777
88,A046,R463,00-00-01,CANAL ST,JNQRZ6W,BMT,2018-12-28T00:00:00.000,00:00:00,REGULAR,8491107,491933
89,A046,R463,00-06-01,CANAL ST,JNQRZ6W,BMT,2018-12-28T00:00:00.000,00:00:00,REGULAR,12279290,2165976
90,A046,R463,00-00-00,CANAL ST,JNQRZ6W,BMT,2018-12-28T00:00:00.000,00:00:00,REGULAR,4001458,386970
91,A046,R463,00-00-00,CANAL ST,JNQRZ6W,BMT,2018-12-28T00:00:00.000,00:00:00,REGULAR,4001458,386970
92,A046,R463,00-06-00,CANAL ST,JNQRZ6W,BMT,2018-12-28T00:00:00.000,00:00:00,REGULAR,1949482708,588118777
93,A046,R463,00-00-02,CANAL ST,JNQRZ6W,BMT,2018-12-28T00:00:00.000,00:00:00,REGULAR,9062207,495342
94,A046,R463,00-06-06,CANAL ST,JNQRZ6W,BMT,2018-12-28T00:00:00.000,00:00:00,REGULAR,102414810,21860454
95,A046,R463,00-05-02,CANAL ST,JNQRZ6W,BMT,2018-12-28T00:00:00.000,00:00:00,REGULAR,817,0
96,A046,R463,00-05-01,CANAL ST,JNQRZ6W,BMT,2018-12-28T00:00:00.000,00:00:00,REGULAR,0,1123
97,A046,R463,00-06-05,CANAL ST,JNQRZ6W,BMT,2018-12-28T00:00:00.000,00:00:00,REGULAR,540477,130534
98,A046,R463,00-05-02,CANAL ST,JNQRZ6W,BMT,2018-12-28T00:00:00.000,00:00:00,REGULAR,817,0
99,A046,R463,00-06-05,CANAL ST,JNQRZ6W,BMT,2018-12-28T00:00:00.000,00:00:00,REGULAR,540477,130534
100,A046,R463,00-00-01,CANAL ST,JNQRZ6W,BMT,2018-12-28T00:00:00.000,00:00:00,REGULAR,8491107,491933
101,A046,R463,00-03-00,CANAL ST,JNQRZ6W,BMT,2018-12-28T00:00:00.000,00:00:00,REGULAR,9002144,7274520
102,A046,R463,00-06-04,CANAL ST,JNQRZ6W,BMT,2018-12-28T00:00:00.000,00:00:00,REGULAR,4072096,8466002
103,A046,R463,00-06-06,CANAL ST,JNQRZ6W,BMT,2018-12-28T00:00:00.000,00:00:00,REGULAR,102414810,21860454
104,A046,R463,00-05-00,CANAL ST,JNQRZ6W,BMT,2018-12-28T00:00:00.000,00:00:00,REGULAR,3731,0
105,A046,R463,00-05-03,CANAL ST,JNQRZ6W,BMT,2018-12-28T00:00:00.000,00:00:00,REGULAR,0,498
106,A046,R463,00-06-07,CANAL ST,JNQRZ6W,BMT,2018-12-28T00:00:00.000,00:00:00,REGULAR,4623105,12870019
107,A046,R463,00-00-03,CANAL ST,JNQRZ6W,BMT,2018-12-28T00:00:00.000,00:00:00,REGULAR,5445172,464738
108,A046,R463,00-05-01,CANAL ST,JNQRZ6W,BMT,2018-12-28T00:00:00.000,00:00:00,REGULAR,0,1123
109,A046,R463,00-06-03,CANAL ST,JNQRZ6W,BMT,2018-12-28T00:00:00.000,00:00:00,REGULAR,50929851,4815033
110,A046,R463,00-05-00,CANAL ST,JNQRZ6W,BMT,2018-12-28T00:00:00.000,00:00:00,REGULAR,3731,0
111,A046,R463,00-06-08,CANAL ST,JNQRZ6W,BMT,2018-12-28T00:00:00.000,00:00:00,REGULAR,1521431,9889092
112,A049,R088,02-00-03,CORTLANDT ST,RNW,BMT,2018-12-28T00:00:00.000,00:00:00,REGULAR,872225573,871564864
113,A049,R088,02-00-02,CORTLANDT ST,RNW,BMT,2018-12-28T00:00:00.000,00:00:00,REGULAR,744968,424316
114,A049,R088,02-03-02,CORTLANDT ST,RNW,BMT,2018-12-28T00:00:00.000,00:00:00,REGULAR,918644,303739
115,A049,R088,02-00-00,CORTLANDT ST,RNW,BMT,2018-12-28T00:00:00.000,00:00:00,REGULAR,697367,891859
116,A049,R088,02-03-03,CORTLANDT ST,RNW,BMT,2018-12-28T00:00:00.000,00:00:00,REGULAR,987943,533407
117,A049,R088,02-03-01,CORTLANDT ST,RNW,BMT,2018-12-28T00:00:00.000,00:00:00,REGULAR,868902,214730
118,A049,R088,02-00-01,CORTLANDT ST,RNW,BMT,2018-12-28T00:00:00.000,00:00:00,REGULAR,773947,591536
119,A049,R088,02-03-02,CORTLANDT ST,RNW,BMT,2018-12-28T00:00:00.000,00:00:00,REGULAR,918644,303739
120,A049,R088,02-01-02,CORTLANDT ST,RNW,BMT,2018-12-28T00:00:00.000,00:00:00,REGULAR,1304540,1600383
121,A049,R088,02-01-01,CORTLANDT ST,RNW,BMT,2018-12-28T00:00:00.000,00:00:00,REGULAR,20449,28892
122,A049,R088,02-03-00,CORTLANDT ST,RNW,BMT,2018-12-28T00:00:00.000,00:00:00,REGULAR,1232350,219704
123,A049,R088,02-00-03,CORTLANDT ST,RNW,BMT,2018-12-28T00:00:00.000,00:00:00,REGULAR,872225573,871564864
124,A049,R088,02-05-00,CORTLANDT ST,RNW,BMT,2018-12-28T00:00:00.000,00:00:00,REGULAR,1058666527,22872086
125,A049,R088,02-03-00,CORTLANDT ST,RNW,BMT,2018-12-28T00:00:00.000,00:00:00,REGULAR,1232350,219704
126,A049,R088,02-00-00,CORTLANDT ST,RNW,BMT,2018-12-28T00:00:00.000,00:00:00,REGULAR,697367,891859
127,A049,R088,02-05-01,CORTLANDT ST,RNW,BMT,2018-12-28T00:00:00.000,00:00:00,REGULAR,638058496,5177658
128,A049,R088,02-01-02,CORTLANDT ST,RNW,BMT,2018-12-28T00:00:00.000,00:00:00,REGULAR,1304540,1600383
129,A049,R088,02-03-01,CORTLANDT ST,RNW,BMT,2018-12-28T00:00:00.000,00:00:00,REGULAR,868902,214730
130,A049,R088,02-00-01,CORTLANDT ST,RNW,BMT,2018-12-28T00:00:00.000,00:00:00,REGULAR,773947,591536
131,A049,R088,02-05-01,CORTLANDT ST,RNW,BMT,2018-12-28T00:00:00.000,00:00:00,REGULAR,638058496,5177658
132,A049,R088,02-01-00,CORTLANDT ST,RNW,BMT,2018-12-28T00:00:00.000,00:00:00,REGULAR,785869,1371250
133,A049,R088,02-01-01,CORTLANDT ST,RNW,BMT,2018-12-28T00:00:00.000,00:00:00,REGULAR,20449,28892
134,A049,R088,02-03-03,CORTLANDT ST,RNW,BMT,2018-12-28T00:00:00.000,00:00:00,REGULAR,987943,533407
135,A049,R088,02-00-02,CORTLANDT ST,RNW,BMT,2018-12-28T00:00:00.000,00:00:00,REGULAR,744968,424316
136,A049,R088,02-01-00,CORTLANDT ST,RNW,BMT,2018-12-28T00:00:00.000,00:00:00,REGULAR,785869,1371250
137,A049,R088,02-05-00,CORTLANDT ST,RNW,BMT,2018-12-28T00:00:00.000,00:00:00,REGULAR,1058666527,22872086
138,A050,R088,00-03-02,CORTLANDT ST,RNW,BMT,2018-12-28T00:00:00.000,00:00:00,REGULAR,6633051,1968555
139,A050,R088,00-03-00,CORTLANDT ST,RNW,BMT,2018-12-28T00:00:00.000,00:00:00,REGULAR,99520,36463
140,A050,R088,00-05-01,CORTLANDT ST,RNW,BMT,2018-12-28T00:00:00.000,00:00:00,REGULAR,340192,402015
141,A050,R088,00-03-03,CORTLANDT ST,RNW,BMT,2018-12-28T00:00:00.000,00:00:00,REGULAR,1460369,919077
142,A050,R088,00-00-00,CORTLANDT ST,RNW,BMT,2018-12-28T00:00:00.000,00:00:00,REGULAR,3889504,5525486
143,A050,R088,00-03-02,CORTLANDT ST,RNW,BMT,2018-12-28T00:00:00.000,00:00:00,REGULAR,6633051,1968555
144,A050,R088,00-00-01,CORTLANDT ST,RNW,BMT,2018-12-28T00:00:00.000,00:00:00,REGULAR,3941696,4080372
145,A050,R088,00-03-01,CORTLANDT ST,RNW,BMT,2018-12-28T00:00:00.000,00:00:00,REGULAR,10648614,2163663
146,A050,R088,00-03-00,CORTLANDT ST,RNW,BMT,2018-12-28T00:00:00.000,00:00:00,REGULAR,99520,36463
147,A050,R088,00-03-01,CORTLANDT ST,RNW,BMT,2018-12-28T00:00:00.000,00:00:00,REGULAR,10648614,2163663
148,A050,R088,00-02-00,CORTLANDT ST,RNW,BMT,2018-12-28T00:00:00.000,00:00:00,REGULAR,3551073,1767790
149,A050,R088,00-05-00,CORTLANDT ST,RNW,BMT,2018-12-28T00:00:00.000,00:00:00,REGULAR,321669,673561
150,A050,R088,00-05-02,CORTLANDT ST,RNW,BMT,2018-12-28T00:00:00.000,00:00:00,REGULAR,1408762,1761312
151,A050,R088,00-00-01,CORTLANDT ST,RNW,BMT,2018-12-28T00:00:00.000,00:00:00,REGULAR,3941696,4080372
152,A050,R088,00-05-03,CORTLANDT ST,RNW,BMT,2018-12-28T00:00:00.000,00:00:00,REGULAR,227917,33430
153,A050,R088,00-02-01,CORTLANDT ST,RNW,BMT,2018-12-28T00:00:00.000,00:00:00,REGULAR,540065,129134
154,A050,R088,00-02-00,CORTLANDT ST,RNW,BMT,2018-12-28T00:00:00.000,00:00:00,REGULAR,3551073,1767790
155,A050,R088,00-05-00,CORTLANDT ST,RNW,BMT,2018-12-28T00:00:00.000,00:00:00,REGULAR,321669,673561
156,A050,R088,00-03-03,CORTLANDT ST,RNW,BMT,2018-12-28T00:00:00.000,00:00:00,REGULAR,1460369,919077
157,A050,R088,00-00-00,CORTLANDT ST,RNW,BMT,2018-12-28T00:00:00.000,00:00:00,REGULAR,3889504,5525486
158,A050,R088,00-02-01,CORTLANDT ST,RNW,BMT,2018-12-28T00:00:00.000,00:00:00,REGULAR,540065,129134
159,A050,R088,00-05-03,CORTLANDT ST,RNW,BMT,2018-12-28T00:00:00.000,00:00:00,REGULAR,227917,33430
160,A050,R088,00-05-02,CORTLANDT ST,RNW,BMT,2018-12-28T00:00:00.000,00:00:00,REGULAR,1408762,1761312
161,A050,R088,00-05-01,CORTLANDT ST,RNW,BMT,2018-12-28T00:00:00.000,00:00:00,REGULAR,340192,402015
162,A052,R088,01-05-00,CORTLANDT ST,RNW,BMT,2018-12-28T00:00:00.000,00:00:00,REGULAR,257,0
163,A052,R088,01-00-00,CORTLANDT ST,RNW,BMT,2018-12-28T00:00:00.000,00:00:00,REGULAR,23467,26397
164,A052,R088,01-03-01,CORTLANDT ST,RNW,BMT,2018-12-28T00:00:00.000,00:00:00,REGULAR,33032,100515
165,A052,R088,01-00-02,CORTLANDT ST,RNW,BMT,2018-12-28T00:00:00.000,00:00:00,REGULAR,15391,12601
166,A052,R088,01-00-01,CORTLANDT ST,RNW,BMT,2018-12-28T00:00:00.000,00:00:00,REGULAR,17446,14153
167,A052,R088,01-00-01,CORTLANDT ST,RNW,BMT,2018-12-28T00:00:00.000,00:00:00,REGULAR,17446,14153
168,A052,R088,01-00-03,CORTLANDT ST,RNW,BMT,2018-12-28T00:00:00.000,00:00:00,REGULAR,12936,17923
169,A052,R088,01-00-00,CORTLANDT ST,RNW,BMT,2018-12-28T00:00:00.000,00:00:00,REGULAR,23467,26397
170,A052,R088,01-00-02,CORTLANDT ST,RNW,BMT,2018-12-28T00:00:00.000,00:00:00,REGULAR,15391,12601
171,A052,R088,01-03-01,CORTLANDT ST,RNW,BMT,2018-12-28T00:00:00.000,00:00:00,REGULAR,33032,100515
172,A052,R088,01-03-00,CORTLANDT ST,RNW,BMT,2018-12-28T00:00:00.000,00:00:00,REGULAR,23020,56160
173,A052,R088,01-05-01,CORTLANDT ST,RNW,BMT,2018-12-28T00:00:00.000,00:00:00,REGULAR,0,250
174,A052,R088,01-03-00,CORTLANDT ST,RNW,BMT,2018-12-28T00:00:00.000,00:00:00,REGULAR,23020,56160
175,A052,R088,01-05-00,CORTLANDT ST,RNW,BMT,2018-12-28T00:00:00.000,00:00:00,REGULAR,257,0
176,A052,R088,01-05-01,CORTLANDT ST,RNW,BMT,2018-12-28T00:00:00.000,00:00:00,REGULAR,0,250
177,A052,R088,01-00-03,CORTLANDT ST,RNW,BMT,2018-12-28T00:00:00.000,00:00:00,REGULAR,12936,17923
178,A053,R088,03-00-02,CORTLANDT ST,RNW,BMT,2018-12-28T00:00:00.000,00:00:00,REGULAR,99706,117224
179,A053,R088,03-00-01,CORTLANDT ST,RNW,BMT,2018-12-28T00:00:00.000,00:00:00,REGULAR,16096,22786
180,A053,R088,03-00-03,CORTLANDT ST,RNW,BMT,2018-12-28T00:00:00.000,00:00:00,REGULAR,28576,58174
181,A053,R088,03-00-02,CORTLANDT ST,RNW,BMT,2018-12-28T00:00:00.000,00:00:00,REGULAR,99706,117224
182,A053,R088,03-00-00,CORTLANDT ST,RNW,BMT,2018-12-28T00:00:00.000,00:00:00,REGULAR,1011452,98960
183,A053,R088,03-00-01,CORTLANDT ST,RNW,BMT,2018-12-28T00:00:00.000,00:00:00,REGULAR,16096,22786
184,A053,R088,03-05-01,CORTLANDT ST,RNW,BMT,2018-12-28T00:00:00.000,00:00:00,REGULAR,1,693
185,A053,R088,03-05-00,CORTLANDT ST,RNW,BMT,2018-12-28T00:00:00.000,00:00:00,REGULAR,852054,0
186,A053,R088,03-00-00,CORTLANDT ST,RNW,BMT,2018-12-28T00:00:00.000,00:00:00,REGULAR,1011452,98960
187,A053,R088,03-05-00,CORTLANDT ST,RNW,BMT,2018-12-28T00:00:00.000,00:00:00,REGULAR,852054,0
188,A053,R088,03-05-01,CORTLANDT ST,RNW,BMT,2018-12-28T00:00:00.000,00:00:00,REGULAR,1,693
189,A053,R088,03-00-03,CORTLANDT ST,RNW,BMT,2018-12-28T00:00:00.000,00:00:00,REGULAR,28576,58174
190,A058,R001,01-06-01,WHITEHALL S-FRY,R1W,BMT,2018-12-28T00:00:00.000,00:00:00,REGULAR,1525227,3681784
191,A058,R001,01-06-02,WHITEHALL S-FRY,R1W,BMT,2018-12-28T00:00:00.000,00:00:00,REGULAR,134151,29081
192,A058,R001,01-00-02,WHITEHALL S-FRY,R1W,BMT,2018-12-28T00:00:00.000,00:00:00,REGULAR,4299538,1201561
193,A058,R001,01-00-02,WHITEHALL S-FRY,R1W,BMT,2018-12-28T00:00:00.000,00:00:00,REGULAR,4299538,1201561
194,A058,R001,01-06-02,WHITEHALL S-FRY,R1W,BMT,2018-12-28T00:00:00.000,00:00:00,REGULAR,134151,29081
195,A058,R001,01-00-01,WHITEHALL S-FRY,R1W,BMT,2018-12-28T00:00:00.000,00:00:00,REGULAR,1700244,1363076
196,A058,R001,01-00-03,WHITEHALL S-FRY,R1W,BMT,2018-12-28T00:00:00.000,00:00:00,REGULAR,135101401,50511794
197,A058,R001,01-00-00,WHITEHALL S-FRY,R1W,BMT,2018-12-28T00:00:00.000,00:00:00,REGULAR,1493069,3464060
198,A058,R001,01-00-01,WHITEHALL S-FRY,R1W,BMT,2018-12-28T00:00:00.000,00:00:00,REGULAR,1700244,1363076
199,A058,R001,01-00-03,WHITEHALL S-FRY,R1W,BMT,2018-12-28T00:00:00.000,00:00:00,REGULAR,135101401,50511794
200,A058,R001,01-00-00,WHITEHALL S-FRY,R1W,BMT,2018-12-28T00:00:00.000,00:00:00,REGULAR,1493069,3464060
201,A058,R001,01-06-00,WHITEHALL S-FRY,R1W,BMT,2018-12-28T00:00:00.000,00:00:00,REGULAR,117817745,485513
202,A058,R001,01-06-00,WHITEHALL S-FRY,R1W,BMT,2018-12-28T00:00:00.000,00:00:00,REGULAR,117817745,485513
203,A058,R001,01-06-01,WHITEHALL S-FRY,R1W,BMT,2018-12-28T00:00:00.000,00:00:00,REGULAR,1525227,3681784
204,A060,R001,00-00-04,WHITEHALL S-FRY,R1W,BMT,2018-12-28T00:00:00.000,00:00:00,REGULAR,503637,583857
205,A060,R001,00-00-07,WHITEHALL S-FRY,R1W,BMT,2018-12-28T00:00:00.000,00:00:00,REGULAR,3153516,2882628
206,A060,R001,00-00-06,WHITEHALL S-FRY,R1W,BMT,2018-12-28T00:00:00.000,00:00:00,REGULAR,126797,301746
207,A060,R001,00-00-05,WHITEHALL S-FRY,R1W,BMT,2018-12-28T00:00:00.000,00:00:00,REGULAR,2037145,2796875
208,A060,R001,00-00-05,WHITEHALL S-FRY,R1W,BMT,2018-12-28T00:00:00.000,00:00:00,REGULAR,2037145,2796875
209,A060,R001,00-00-03,WHITEHALL S-FRY,R1W,BMT,2018-12-28T00:00:00.000,00:00:00,REGULAR,2527553,286059
210,A060,R001,00-00-02,WHITEHALL S-FRY,R1W,BMT,2018-12-28T00:00:00.000,00:00:00,REGULAR,492969,393737
211,A060,R001,00-00-01,WHITEHALL S-FRY,R1W,BMT,2018-12-28T00:00:00.000,00:00:00,REGULAR,3217398,2083041
212,A060,R001,00-00-00,WHITEHALL S-FRY,R1W,BMT,2018-12-28T00:00:00.000,00:00:00,REGULAR,3958982,2505212
213,A060,R001,00-00-06,WHITEHALL S-FRY,R1W,BMT,2018-12-28T00:00:00.000,00:00:00,REGULAR,126797,301746
214,A060,R001,00-00-07,WHITEHALL S-FRY,R1W,BMT,2018-12-28T00:00:00.000,00:00:00,REGULAR,3153516,2882628
215,A060,R001,00-00-02,WHITEHALL S-FRY,R1W,BMT,2018-12-28T00:00:00.000,00:00:00,REGULAR,492969,393737
216,A060,R001,00-00-03,WHITEHALL S-FRY,R1W,BMT,2018-12-28T00:00:00.000,00:00:00,REGULAR,2527553,286059
217,A060,R001,00-00-01,WHITEHALL S-FRY,R1W,BMT,2018-12-28T00:00:00.000,00:00:00,REGULAR,3217398,2083041
218,A060,R001,00-00-00,WHITEHALL S-FRY,R1W,BMT,2018-12-28T00:00:00.000,00:00:00,REGULAR,3958982,2505212
219,A060,R001,00-00-04,WHITEHALL S-FRY,R1W,BMT,2018-12-28T00:00:00.000,00:00:00,REGULAR,503637,583857
220,A061,R142,00-00-00,DELANCEY/ESSEX,FJMZ,BMT,2018-12-28T00:00:00.000,00:00:00,REGULAR,12751692,11571401
221,A061,R142,00-00-01,DELANCEY/ESSEX,FJMZ,BMT,2018-12-28T00:00:00.000,00:00:00,REGULAR,11032186,3569049
222,A061,R142,00-00-01,DELANCEY/ESSEX,FJMZ,BMT,2018-12-28T00:00:00.000,00:00:00,REGULAR,11032186,3569049
223,A061,R142,00-00-02,DELANCEY/ESSEX,FJMZ,BMT,2018-12-28T00:00:00.000,00:00:00,REGULAR,288921,82233
224,A061,R142,00-03-01,DELANCEY/ESSEX,FJMZ,BMT,2018-12-28T00:00:00.000,00:00:00,REGULAR,3317092,2234172
225,A061,R142,00-03-02,DELANCEY/ESSEX,FJMZ,BMT,2018-12-28T00:00:00.000,00:00:00,REGULAR,2587156,4062187
226,A061,R142,00-03-00,DELANCEY/ESSEX,FJMZ,BMT,2018-12-28T00:00:00.000,00:00:00,REGULAR,2762613,1852688
227,A061,R142,00-03-03,DELANCEY/ESSEX,FJMZ,BMT,2018-12-28T00:00:00.000,00:00:00,REGULAR,1308016,4697336
228,A061,R142,00-00-02,DELANCEY/ESSEX,FJMZ,BMT,2018-12-28T00:00:00.000,00:00:00,REGULAR,288921,82233
229,A061,R142,00-03-00,DELANCEY/ESSEX,FJMZ,BMT,2018-12-28T00:00:00.000,00:00:00,REGULAR,2762613,1852688
230,A061,R142,00-03-03,DELANCEY/ESSEX,FJMZ,BMT,2018-12-28T00:00:00.000,00:00:00,REGULAR,1308016,4697336
231,A061,R142,00-03-02,DELANCEY/ESSEX,FJMZ,BMT,2018-12-28T00:00:00.000,00:00:00,REGULAR,2587156,4062187
232,A061,R142,00-03-01,DELANCEY/ESSEX,FJMZ,BMT,2018-12-28T00:00:00.000,00:00:00,REGULAR,3317092,2234172
233,A061,R142,00-00-00,DELANCEY/ESSEX,FJMZ,BMT,2018-12-28T00:00:00.000,00:00:00,REGULAR,12751692,11571401
234,A066,R118,00-00-02,CANAL ST,JNQRZ6W,BMT,2018-12-28T00:00:00.000,00:00:00,REGULAR,338782862,2030914204
235,A066,R118,00-00-00,CANAL ST,JNQRZ6W,BMT,2018-12-28T00:00:00.000,00:00:00,REGULAR,1724414405,1762822989
236,A066,R118,00-00-01,CANAL ST,JNQRZ6W,BMT,2018-12-28T00:00:00.000,00:00:00,REGULAR,9048292,3010146
237,A066,R118,00-00-00,CANAL ST,JNQRZ6W,BMT,2018-12-28T00:00:00.000,00:00:00,REGULAR,1724414405,1762822989
238,A066,R118,00-00-02,CANAL ST,JNQRZ6W,BMT,2018-12-28T00:00:00.000,00:00:00,REGULAR,338782862,2030914204
239,A066,R118,00-00-01,CANAL ST,JNQRZ6W,BMT,2018-12-28T00:00:00.000,00:00:00,REGULAR,9048292,3010146
240,A083,R125,00-00-00,BROAD ST,JZ,BMT,2018-12-28T00:00:00.000,00:00:00,REGULAR,5432287,2056552
241,A083,R125,00-00-00,BROAD ST,JZ,BMT,2018-12-28T00:00:00.000,00:00:00,REGULAR,5432287,2056552
242,A083,R125,00-00-03,BROAD ST,JZ,BMT,2018-12-28T00:00:00.000,00:00:00,REGULAR,2257917,3298028
243,A083,R125,00-00-01,BROAD ST,JZ,BMT,2018-12-28T00:00:00.000,00:00:00,REGULAR,479750,219689
244,A083,R125,00-00-02,BROAD ST,JZ,BMT,2018-12-28T00:00:00.000,00:00:00,REGULAR,910559,981299
245,A083,R125,00-00-03,BROAD ST,JZ,BMT,2018-12-28T00:00:00.000,00:00:00,REGULAR,2257917,3298028
246,A083,R125,00-00-04,BROAD ST,JZ,BMT,2018-12-28T00:00:00.000,00:00:00,REGULAR,51271,395423
247,A083,R125,00-00-02,BROAD ST,JZ,BMT,2018-12-28T00:00:00.000,00:00:00,REGULAR,910559,981299
248,A083,R125,00-00-04,BROAD ST,JZ,BMT,2018-12-28T00:00:00.000,00:00:00,REGULAR,51271,395423
249,A083,R125,00-00-01,BROAD ST,JZ,BMT,2018-12-28T00:00:00.000,00:00:00,REGULAR,479750,219689
250,A084,R125,01-03-02,BROAD ST,JZ,BMT,2018-12-28T00:00:00.000,00:00:00,REGULAR,6146961,5285344
251,A084,R125,01-03-01,BROAD ST,JZ,BMT,2018-12-28T00:00:00.000,00:00:00,REGULAR,129406,1475
252,A084,R125,01-03-02,BROAD ST,JZ,BMT,2018-12-28T00:00:00.000,00:00:00,REGULAR,6146961,5285344
253,A084,R125,01-03-00,BROAD ST,JZ,BMT,2018-12-28T00:00:00.000,00:00:00,REGULAR,552620169,1897279658
254,A084,R125,01-00-02,BROAD ST,JZ,BMT,2018-12-28T00:00:00.000,00:00:00,REGULAR,1283816,54400
255,A084,R125,01-03-01,BROAD ST,JZ,BMT,2018-12-28T00:00:00.000,00:00:00,REGULAR,129406,1475
256,A084,R125,01-00-01,BROAD ST,JZ,BMT,2018-12-28T00:00:00.000,00:00:00,REGULAR,773922,14810
257,A084,R125,01-03-00,BROAD ST,JZ,BMT,2018-12-28T00:00:00.000,00:00:00,REGULAR,552620169,1897279658
258,A084,R125,01-00-02,BROAD ST,JZ,BMT,2018-12-28T00:00:00.000,00:00:00,REGULAR,1283816,54400
259,A084,R125,01-00-00,BROAD ST,JZ,BMT,2018-12-28T00:00:00.000,00:00:00,REGULAR,87894,2836
260,A084,R125,01-00-00,BROAD ST,JZ,BMT,2018-12-28T00:00:00.000,00:00:00,REGULAR,87894,2836
261,A084,R125,01-00-01,BROAD ST,JZ,BMT,2018-12-28T00:00:00.000,00:00:00,REGULAR,773922,14810
262,A085,R125,02-05-00,BROAD ST,JZ,BMT,2018-12-28T00:00:00.000,00:00:00,REGULAR,0,1107
263,A085,R125,02-05-00,BROAD ST,JZ,BMT,2018-12-28T00:00:00.000,00:00:00,REGULAR,0,1107
264,B004,R171,00-00-02,7 AV,BQ,BMT,2018-12-28T00:00:00.000,00:00:00,REGULAR,11454459,13800369
265,B004,R171,00-00-00,7 AV,BQ,BMT,2018-12-28T00:00:00.000,00:00:00,REGULAR,6561242,4815560
266,B004,R171,00-00-03,7 AV,BQ,BMT,2018-12-28T00:00:00.000,00:00:00,REGULAR,3563463,3048745
267,B004,R171,00-00-03,7 AV,BQ,BMT,2018-12-28T00:00:00.000,00:00:00,REGULAR,3563463,3048745
268,B004,R171,00-00-01,7 AV,BQ,BMT,2018-12-28T00:00:00.000,00:00:00,REGULAR,12283483,12846580
269,B004,R171,00-00-01,7 AV,BQ,BMT,2018-12-28T00:00:00.000,00:00:00,REGULAR,12283483,12846580
270,B004,R171,00-00-02,7 AV,BQ,BMT,2018-12-28T00:00:00.000,00:00:00,REGULAR,11454459,13800369
271,B004,R171,00-00-00,7 AV,BQ,BMT,2018-12-28T00:00:00.000,00:00:00,REGULAR,6561242,4815560
272,B009,R411,00-05-01,PARK PLACE,S,BMT,2018-12-28T00:00:00.000,00:00:00,REGULAR,359,1093
273,B009,R411,00-00-02,PARK PLACE,S,BMT,2018-12-28T00:00:00.000,00:00:00,REGULAR,4167827,4983865
274,B009,R411,00-05-01,PARK PLACE,S,BMT,2018-12-28T00:00:00.000,00:00:00,REGULAR,359,1093
275,B009,R411,00-00-01,PARK PLACE,S,BMT,2018-12-28T00:00:00.000,00:00:00,REGULAR,2335566,3381420
276,B009,R411,00-05-00,PARK PLACE,S,BMT,2018-12-28T00:00:00.000,00:00:00,REGULAR,517,0
277,B009,R411,00-00-00,PARK PLACE,S,BMT,2018-12-28T00:00:00.000,00:00:00,REGULAR,6384601,5621579
278,B009,R411,00-00-02,PARK PLACE,S,BMT,2018-12-28T00:00:00.000,00:00:00,REGULAR,4167827,4983865
279,B009,R411,00-05-00,PARK PLACE,S,BMT,2018-12-28T00:00:00.000,00:00:00,REGULAR,517,0
280,B009,R411,00-00-00,PARK PLACE,S,BMT,2018-12-28T00:00:00.000,00:00:00,REGULAR,6384601,5621579
281,B009,R411,00-00-01,PARK PLACE,S,BMT,2018-12-28T00:00:00.000,00:00:00,REGULAR,2335566,3381420
282,B010,R412,00-03-01,BOTANIC GARDEN,S2345,BMT,2018-12-28T00:00:00.000,00:00:00,REGULAR,270721,334754
283,B010,R412,00-03-00,BOTANIC GARDEN,S2345,BMT,2018-12-28T00:00:00.000,00:00:00,REGULAR,5322326,1974715
284,B010,R412,00-03-00,BOTANIC GARDEN,S2345,BMT,2018-12-28T00:00:00.000,00:00:00,REGULAR,5322326,1974715
285,B010,R412,00-00-00,BOTANIC GARDEN,S2345,BMT,2018-12-28T00:00:00.000,00:00:00,REGULAR,3194,2727
286,B010,R412,00-00-00,BOTANIC GARDEN,S2345,BMT,2018-12-28T00:00:00.000,00:00:00,REGULAR,3194,2727
287,B010,R412,00-03-01,BOTANIC GARDEN,S2345,BMT,2018-12-28T00:00:00.000,00:00:00,REGULAR,270721,334754
288,B010,R412,00-03-02,BOTANIC GARDEN,S2345,BMT,2018-12-28T00:00:00.000,00:00:00,REGULAR,96943,592228
289,B010,R412,00-03-02,BOTANIC GARDEN,S2345,BMT,2018-12-28T00:00:00.000,00:00:00,REGULAR,96943,592228
290,B014,R148,00-00-00,PARKSIDE AV,BQ,BMT,2018-12-28T00:00:00.000,00:00:00,REGULAR,10211011,16531794
291,B014,R148,00-00-02,PARKSIDE AV,BQ,BMT,2018-12-28T00:00:00.000,00:00:00,REGULAR,14066383,8817736
292,B014,R148,00-00-01,PARKSIDE AV,BQ,BMT,2018-12-28T00:00:00.000,00:00:00,REGULAR,15112780,9209426
293,B014,R148,00-00-02,PARKSIDE AV,BQ,BMT,2018-12-28T00:00:00.000,00:00:00,REGULAR,14066383,8817736
294,B014,R148,00-00-00,PARKSIDE AV,BQ,BMT,2018-12-28T00:00:00.000,00:00:00,REGULAR,10211011,16531794
295,B014,R148,00-00-01,PARKSIDE AV,BQ,BMT,2018-12-28T00:00:00.000,00:00:00,REGULAR,15112780,9209426
296,B019,R149,00-00-00,NEWKIRK PLAZA,BQ,BMT,2018-12-28T00:00:00.000,00:00:00,REGULAR,16868437,15995041
297,B019,R149,00-00-02,NEWKIRK PLAZA,BQ,BMT,2018-12-28T00:00:00.000,00:00:00,REGULAR,10452761,12208167
298,B019,R149,00-00-04,NEWKIRK PLAZA,BQ,BMT,2018-12-28T00:00:00.000,00:00:00,REGULAR,16127966,10193798
299,B019,R149,00-00-03,NEWKIRK PLAZA,BQ,BMT,2018-12-28T00:00:00.000,00:00:00,REGULAR,5577167,6167509
300,B019,R149,00-00-03,NEWKIRK PLAZA,BQ,BMT,2018-12-28T00:00:00.000,00:00:00,REGULAR,5577167,6167509
301,B019,R149,00-00-04,NEWKIRK PLAZA,BQ,BMT,2018-12-28T00:00:00.000,00:00:00,REGULAR,16127966,10193798
302,B019,R149,00-00-02,NEWKIRK PLAZA,BQ,BMT,2018-12-28T00:00:00.000,00:00:00,REGULAR,10452761,12208167
303,B019,R149,00-00-01,NEWKIRK PLAZA,BQ,BMT,2018-12-28T00:00:00.000,00:00:00,REGULAR,8804401,10247185
304,B019,R149,00-00-00,NEWKIRK PLAZA,BQ,BMT,2018-12-28T00:00:00.000,00:00:00,REGULAR,16868437,15995041
305,B019,R149,00-00-01,NEWKIRK PLAZA,BQ,BMT,2018-12-28T00:00:00.000,00:00:00,REGULAR,8804401,10247185
306,B025,R150,00-05-00,AVENUE U,BQ,BMT,2018-12-28T00:00:00.000,00:00:00,REGULAR,100663473,0
307,B025,R150,00-05-01,AVENUE U,BQ,BMT,2018-12-28T00:00:00.000,00:00:00,REGULAR,67108864,16777276
308,B025,R150,00-00-03,AVENUE U,BQ,BMT,2018-12-28T00:00:00.000,00:00:00,REGULAR,9659609,12111797
309,B025,R150,00-00-03,AVENUE U,BQ,BMT,2018-12-28T00:00:00.000,00:00:00,REGULAR,9659609,12111797
310,B025,R150,00-05-00,AVENUE U,BQ,BMT,2018-12-28T00:00:00.000,00:00:00,REGULAR,100663473,0
311,B025,R150,00-05-01,AVENUE U,BQ,BMT,2018-12-28T00:00:00.000,00:00:00,REGULAR,67108864,16777276
312,B025,R150,00-00-02,AVENUE U,BQ,BMT,2018-12-28T00:00:00.000,00:00:00,REGULAR,1062555,484913
313,B025,R150,00-00-01,AVENUE U,BQ,BMT,2018-12-28T00:00:00.000,00:00:00,REGULAR,6923838,2114350
314,B025,R150,00-00-02,AVENUE U,BQ,BMT,2018-12-28T00:00:00.000,00:00:00,REGULAR,1062555,484913
315,B025,R150,00-00-00,AVENUE U,BQ,BMT,2018-12-28T00:00:00.000,00:00:00,REGULAR,5292020,3307339
316,B025,R150,00-00-01,AVENUE U,BQ,BMT,2018-12-28T00:00:00.000,00:00:00,REGULAR,6923838,2114350
317,B025,R150,00-00-00,AVENUE U,BQ,BMT,2018-12-28T00:00:00.000,00:00:00,REGULAR,5292020,3307339
318,B027,R136,00-00-01,SHEEPSHEAD BAY,BQ,BMT,2018-12-28T00:00:00.000,00:00:00,REGULAR,4560033,5267426
319,B027,R136,00-00-04,SHEEPSHEAD BAY,BQ,BMT,2018-12-28T00:00:00.000,00:00:00,REGULAR,11351860,7368341
320,B027,R136,00-00-05,SHEEPSHEAD BAY,BQ,BMT,2018-12-28T00:00:00.000,00:00:00,REGULAR,10884849,18083384
321,B027,R136,00-00-05,SHEEPSHEAD BAY,BQ,BMT,2018-12-28T00:00:00.000,00:00:00,REGULAR,10884849,18083384
322,B027,R136,00-00-01,SHEEPSHEAD BAY,BQ,BMT,2018-12-28T00:00:00.000,00:00:00,REGULAR,4560033,5267426
323,B027,R136,00-00-03,SHEEPSHEAD BAY,BQ,BMT,2018-12-28T00:00:00.000,00:00:00,REGULAR,3324050,788837
324,B027,R136,00-00-02,SHEEPSHEAD BAY,BQ,BMT,2018-12-28T00:00:00.000,00:00:00,REGULAR,12828262,4731455
325,B027,R136,00-00-02,SHEEPSHEAD BAY,BQ,BMT,2018-12-28T00:00:00.000,00:00:00,REGULAR,12828262,4731455
326,B027,R136,00-00-03,SHEEPSHEAD BAY,BQ,BMT,2018-12-28T00:00:00.000,00:00:00,REGULAR,3324050,788837
327,B027,R136,00-00-04,SHEEPSHEAD BAY,BQ,BMT,2018-12-28T00:00:00.000,00:00:00,REGULAR,11351860,7368341
328,B027,R136,00-00-00,SHEEPSHEAD BAY,BQ,BMT,2018-12-28T00:00:00.000,00:00:00,REGULAR,1801248,7179981
329,B027,R136,00-00-00,SHEEPSHEAD BAY,BQ,BMT,2018-12-28T00:00:00.000,00:00:00,REGULAR,1801248,7179981
330,B028,R136,01-00-01,SHEEPSHEAD BAY,BQ,BMT,2018-12-28T00:00:00.000,00:00:00,REGULAR,1010656,367142
331,B028,R136,01-00-01,SHEEPSHEAD BAY,BQ,BMT,2018-12-28T00:00:00.000,00:00:00,REGULAR,1010656,367142
332,B028,R136,01-00-02,SHEEPSHEAD BAY,BQ,BMT,2018-12-28T00:00:00.000,00:00:00,REGULAR,4030177,692681
333,B028,R136,01-00-00,SHEEPSHEAD BAY,BQ,BMT,2018-12-28T00:00:00.000,00:00:00,REGULAR,163178,469780
334,B028,R136,01-00-00,SHEEPSHEAD BAY,BQ,BMT,2018-12-28T00:00:00.000,00:00:00,REGULAR,163178,469780
335,B028,R136,01-00-02,SHEEPSHEAD BAY,BQ,BMT,2018-12-28T00:00:00.000,00:00:00,REGULAR,4030177,692681
336,C018,R197,00-00-04,36 ST,DNR,BMT,2018-12-28T00:00:00.000,00:00:00,REGULAR,11966851,5500546
337,C018,R197,00-00-03,36 ST,DNR,BMT,2018-12-28T00:00:00.000,00:00:00,REGULAR,8459607,6056410
338,C018,R197,00-00-03,36 ST,DNR,BMT,2018-12-28T00:00:00.000,00:00:00,REGULAR,8459607,6056410
339,C018,R197,00-00-05,36 ST,DNR,BMT,2018-12-28T00:00:00.000,00:00:00,REGULAR,8710489,1804662
340,C018,R197,00-00-02,36 ST,DNR,BMT,2018-12-28T00:00:00.000,00:00:00,REGULAR,9050531,5890294
341,C018,R197,00-00-00,36 ST,DNR,BMT,2018-12-28T00:00:00.000,00:00:00,REGULAR,5190018,6689847
342,C018,R197,00-00-00,36 ST,DNR,BMT,2018-12-28T00:00:00.000,00:00:00,REGULAR,5190018,6689847
343,C018,R197,00-00-01,36 ST,DNR,BMT,2018-12-28T00:00:00.000,00:00:00,REGULAR,4214469,3017669
344,C018,R197,00-00-02,36 ST,DNR,BMT,2018-12-28T00:00:00.000,00:00:00,REGULAR,9050531,5890294
345,C018,R197,00-00-01,36 ST,DNR,BMT,2018-12-28T00:00:00.000,00:00:00,REGULAR,4214469,3017669
346,C018,R197,00-00-04,36 ST,DNR,BMT,2018-12-28T00:00:00.000,00:00:00,REGULAR,11966851,5500546
347,C018,R197,00-00-05,36 ST,DNR,BMT,2018-12-28T00:00:00.000,00:00:00,REGULAR,8710489,1804662
348,D002,R390,00-00-00,8 AV,N,BMT,2018-12-28T00:00:00.000,00:00:00,REGULAR,2915710,4430149
349,D002,R390,00-03-01,8 AV,N,BMT,2018-12-28T00:00:00.000,00:00:00,REGULAR,2080768,1715944
350,D002,R390,00-03-00,8 AV,N,BMT,2018-12-28T00:00:00.000,00:00:00,REGULAR,1774329,1798793
351,D002,R390,00-00-01,8 AV,N,BMT,2018-12-28T00:00:00.000,00:00:00,REGULAR,4116579,7762308
352,D002,R390,00-03-00,8 AV,N,BMT,2018-12-28T00:00:00.000,00:00:00,REGULAR,1774329,1798793
353,D002,R390,00-03-01,8 AV,N,BMT,2018-12-28T00:00:00.000,00:00:00,REGULAR,2080768,1715944
354,D002,R390,00-00-00,8 AV,N,BMT,2018-12-28T00:00:00.000,00:00:00,REGULAR,2915710,4430149
355,D002,R390,00-00-01,8 AV,N,BMT,2018-12-28T00:00:00.000,00:00:00,REGULAR,4116579,7762308
356,D004,R391,01-06-00,FT HAMILTON PKY,N,BMT,2018-12-28T00:00:00.000,00:00:00,REGULAR,719356,33246
357,D004,R391,01-05-01,FT HAMILTON PKY,N,BMT,2018-12-28T00:00:00.000,00:00:00,REGULAR,43,633
358,D004,R391,01-06-01,FT HAMILTON PKY,N,BMT,2018-12-28T00:00:00.000,00:00:00,REGULAR,439468,80498
359,D004,R391,01-05-00,FT HAMILTON PKY,N,BMT,2018-12-28T00:00:00.000,00:00:00,REGULAR,155,0
360,D004,R391,01-05-00,FT HAMILTON PKY,N,BMT,2018-12-28T00:00:00.000,00:00:00,REGULAR,155,0
361,D004,R391,01-05-01,FT HAMILTON PKY,N,BMT,2018-12-28T00:00:00.000,00:00:00,REGULAR,43,633
362,D004,R391,01-06-00,FT HAMILTON PKY,N,BMT,2018-12-28T00:00:00.000,00:00:00,REGULAR,719356,33246
363,D004,R391,01-06-01,FT HAMILTON PKY,N,BMT,2018-12-28T00:00:00.000,00:00:00,REGULAR,439468,80498
364,D005,R398,00-06-00,NEW UTRECHT AV,ND,BMT,2018-12-28T00:00:00.000,00:00:00,REGULAR,1000219,192545
365,D005,R398,00-06-01,NEW UTRECHT AV,ND,BMT,2018-12-28T00:00:00.000,00:00:00,REGULAR,1050813,362923
366,D005,R398,00-06-01,NEW UTRECHT AV,ND,BMT,2018-12-28T00:00:00.000,00:00:00,REGULAR,1050813,362923
367,D005,R398,00-06-00,NEW UTRECHT AV,ND,BMT,2018-12-28T00:00:00.000,00:00:00,REGULAR,1000219,192545
368,D006,R398,01-06-00,NEW UTRECHT AV,ND,BMT,2018-12-28T00:00:00.000,00:00:00,REGULAR,773866,80219
369,D006,R398,01-06-01,NEW UTRECHT AV,ND,BMT,2018-12-28T00:00:00.000,00:00:00,REGULAR,2363368,2683374
370,D006,R398,01-05-01,NEW UTRECHT AV,ND,BMT,2018-12-28T00:00:00.000,00:00:00,REGULAR,13,551
371,D006,R398,01-06-01,NEW UTRECHT AV,ND,BMT,2018-12-28T00:00:00.000,00:00:00,REGULAR,2363368,2683374
372,D006,R398,01-05-00,NEW UTRECHT AV,ND,BMT,2018-12-28T00:00:00.000,00:00:00,REGULAR,870,0
373,D006,R398,01-05-00,NEW UTRECHT AV,ND,BMT,2018-12-28T00:00:00.000,00:00:00,REGULAR,870,0
374,D006,R398,01-05-01,NEW UTRECHT AV,ND,BMT,2018-12-28T00:00:00.000,00:00:00,REGULAR,13,551
375,D006,R398,01-06-00,NEW UTRECHT AV,ND,BMT,2018-12-28T00:00:00.000,00:00:00,REGULAR,773866,80219
376,D008,R392,00-05-00,18 AV,N,BMT,2018-12-28T00:00:00.000,00:00:00,REGULAR,28,0
377,D008,R392,00-05-01,18 AV,N,BMT,2018-12-28T00:00:00.000,00:00:00,REGULAR,3,5
378,D008,R392,00-05-01,18 AV,N,BMT,2018-12-28T00:00:00.000,00:00:00,REGULAR,3,5
379,D008,R392,00-05-00,18 AV,N,BMT,2018-12-28T00:00:00.000,00:00:00,REGULAR,28,0
380,D009,R393,00-00-02,20 AV,N,BMT,2018-12-28T00:00:00.000,00:00:00,REGULAR,4010864,1774475
381,D009,R393,00-00-00,20 AV,N,BMT,2018-12-28T00:00:00.000,00:00:00,REGULAR,6925460,6582745
382,D009,R393,00-00-01,20 AV,N,BMT,2018-12-28T00:00:00.000,00:00:00,REGULAR,5767770,4743026
383,D009,R393,00-00-00,20 AV,N,BMT,2018-12-28T00:00:00.000,00:00:00,REGULAR,6925460,6582745
384,D009,R393,00-00-01,20 AV,N,BMT,2018-12-28T00:00:00.000,00:00:00,REGULAR,5767770,4743026
385,D009,R393,00-00-02,20 AV,N,BMT,2018-12-28T00:00:00.000,00:00:00,REGULAR,4010864,1774475
386,D011,R394,01-06-01,BAY PKWY,N,BMT,2018-12-28T00:00:00.000,00:00:00,REGULAR,775627533,1698278172
387,D011,R394,01-05-00,BAY PKWY,N,BMT,2018-12-28T00:00:00.000,00:00:00,REGULAR,575996020,672530542
388,D011,R394,01-05-00,BAY PKWY,N,BMT,2018-12-28T00:00:00.000,00:00:00,REGULAR,575996020,672530542
389,D011,R394,01-05-01,BAY PKWY,N,BMT,2018-12-28T00:00:00.000,00:00:00,REGULAR,5,546
390,D011,R394,01-06-00,BAY PKWY,N,BMT,2018-12-28T00:00:00.000,00:00:00,REGULAR,393273040,1556089893
391,D011,R394,01-06-02,BAY PKWY,N,BMT,2018-12-28T00:00:00.000,00:00:00,REGULAR,1461229,414998
392,D011,R394,01-06-01,BAY PKWY,N,BMT,2018-12-28T00:00:00.000,00:00:00,REGULAR,775627533,1698278172
393,D011,R394,01-06-02,BAY PKWY,N,BMT,2018-12-28T00:00:00.000,00:00:00,REGULAR,1461229,414998
394,D011,R394,01-05-01,BAY PKWY,N,BMT,2018-12-28T00:00:00.000,00:00:00,REGULAR,5,546
395,D011,R394,01-06-00,BAY PKWY,N,BMT,2018-12-28T00:00:00.000,00:00:00,REGULAR,393273040,1556089893
396,D012,R395,00-06-00,KINGS HWY,N,BMT,2018-12-28T00:00:00.000,00:00:00,REGULAR,438165,195129
397,D012,R395,00-06-01,KINGS HWY,N,BMT,2018-12-28T00:00:00.000,00:00:00,REGULAR,239359,82678
398,D012,R395,00-06-00,KINGS HWY,N,BMT,2018-12-28T00:00:00.000,00:00:00,REGULAR,438165,195129
399,D012,R395,00-06-01,KINGS HWY,N,BMT,2018-12-28T00:00:00.000,00:00:00,REGULAR,239359,82678
400,D015,R396,00-05-00,AVENUE U,N,BMT,2018-12-28T00:00:00.000,00:00:00,REGULAR,16,0
401,D015,R396,00-06-01,AVENUE U,N,BMT,2018-12-28T00:00:00.000,00:00:00,REGULAR,465446,110240
402,D015,R396,00-05-00,AVENUE U,N,BMT,2018-12-28T00:00:00.000,00:00:00,REGULAR,16,0
403,D015,R396,00-06-00,AVENUE U,N,BMT,2018-12-28T00:00:00.000,00:00:00,REGULAR,596863,41094
404,D015,R396,00-06-01,AVENUE U,N,BMT,2018-12-28T00:00:00.000,00:00:00,REGULAR,465446,110240
405,D015,R396,00-06-00,AVENUE U,N,BMT,2018-12-28T00:00:00.000,00:00:00,REGULAR,596863,41094
406,D015,R396,00-05-01,AVENUE U,N,BMT,2018-12-28T00:00:00.000,00:00:00,REGULAR,1,5
407,D015,R396,00-05-01,AVENUE U,N,BMT,2018-12-28T00:00:00.000,00:00:00,REGULAR,1,5
408,D016,R397,00-00-01,86 ST,N,BMT,2018-12-28T00:00:00.000,00:00:00,REGULAR,337848,153306
409,D016,R397,00-00-00,86 ST,N,BMT,2018-12-28T00:00:00.000,00:00:00,REGULAR,4109533,4482503
410,D016,R397,00-00-00,86 ST,N,BMT,2018-12-28T00:00:00.000,00:00:00,REGULAR,4109533,4482503
411,D016,R397,00-00-01,86 ST,N,BMT,2018-12-28T00:00:00.000,00:00:00,REGULAR,337848,153306
412,E001,R368,00-00-04,9 AV,D,BMT,2018-12-28T00:00:00.000,00:00:00,REGULAR,3357746,4958515
413,E001,R368,00-05-01,9 AV,D,BMT,2018-12-28T00:00:00.000,00:00:00,REGULAR,524288,131
414,E001,R368,00-00-02,9 AV,D,BMT,2018-12-28T00:00:00.000,00:00:00,REGULAR,11392595,8337578
415,E001,R368,00-00-00,9 AV,D,BMT,2018-12-28T00:00:00.000,00:00:00,REGULAR,8798534,10991205
416,E001,R368,00-00-00,9 AV,D,BMT,2018-12-28T00:00:00.000,00:00:00,REGULAR,8798534,10991205
417,E001,R368,00-05-01,9 AV,D,BMT,2018-12-28T00:00:00.000,00:00:00,REGULAR,524288,131
418,E001,R368,00-00-01,9 AV,D,BMT,2018-12-28T00:00:00.000,00:00:00,REGULAR,3307783,2544397
419,E001,R368,00-05-00,9 AV,D,BMT,2018-12-28T00:00:00.000,00:00:00,REGULAR,458762,0
420,E001,R368,00-00-02,9 AV,D,BMT,2018-12-28T00:00:00.000,00:00:00,REGULAR,11392595,8337578
421,E001,R368,00-00-03,9 AV,D,BMT,2018-12-28T00:00:00.000,00:00:00,REGULAR,1076751,1201348
422,E001,R368,00-00-03,9 AV,D,BMT,2018-12-28T00:00:00.000,00:00:00,REGULAR,1076751,1201348
423,E001,R368,00-00-04,9 AV,D,BMT,2018-12-28T00:00:00.000,00:00:00,REGULAR,3357746,4958515
424,E001,R368,00-05-00,9 AV,D,BMT,2018-12-28T00:00:00.000,00:00:00,REGULAR,458762,0
425,E001,R368,00-00-01,9 AV,D,BMT,2018-12-28T00:00:00.000,00:00:00,REGULAR,3307783,2544397
426,E003,R369,00-00-01,FT HAMILTON PKY,D,BMT,2018-12-28T00:00:00.000,00:00:00,REGULAR,1640588,2232878
427,E003,R369,00-00-02,FT HAMILTON PKY,D,BMT,2018-12-28T00:00:00.000,00:00:00,REGULAR,2439927,1395529
428,E003,R369,00-03-00,FT HAMILTON PKY,D,BMT,2018-12-28T00:00:00.000,00:00:00,REGULAR,545947,544512
429,E003,R369,00-00-02,FT HAMILTON PKY,D,BMT,2018-12-28T00:00:00.000,00:00:00,REGULAR,2439927,1395529
430,E003,R369,00-03-01,FT HAMILTON PKY,D,BMT,2018-12-28T00:00:00.000,00:00:00,REGULAR,140769,180961
431,E003,R369,00-00-00,FT HAMILTON PKY,D,BMT,2018-12-28T00:00:00.000,00:00:00,REGULAR,1637008,736855
432,E003,R369,00-00-01,FT HAMILTON PKY,D,BMT,2018-12-28T00:00:00.000,00:00:00,REGULAR,1640588,2232878
433,E003,R369,00-03-00,FT HAMILTON PKY,D,BMT,2018-12-28T00:00:00.000,00:00:00,REGULAR,545947,544512
434,E003,R369,00-03-01,FT HAMILTON PKY,D,BMT,2018-12-28T00:00:00.000,00:00:00,REGULAR,140769,180961
435,E003,R369,00-00-00,FT HAMILTON PKY,D,BMT,2018-12-28T00:00:00.000,00:00:00,REGULAR,1637008,736855
436,E003,R369,00-05-00,FT HAMILTON PKY,D,BMT,2018-12-28T00:00:00.000,00:00:00,REGULAR,202523,310508
437,E003,R369,00-05-01,FT HAMILTON PKY,D,BMT,2018-12-28T00:00:00.000,00:00:00,REGULAR,1184206,1725980
438,E003,R369,00-05-01,FT HAMILTON PKY,D,BMT,2018-12-28T00:00:00.000,00:00:00,REGULAR,1184206,1725980
439,E003,R369,00-05-00,FT HAMILTON PKY,D,BMT,2018-12-28T00:00:00.000,00:00:00,REGULAR,202523,310508
440,E014,R374,00-00-01,BAY PKWY,D,BMT,2018-12-28T00:00:00.000,00:00:00,REGULAR,2458503,2592190
441,E014,R374,00-00-04,BAY PKWY,D,BMT,2018-12-28T00:00:00.000,00:00:00,REGULAR,2170287,941358
442,E014,R374,00-00-00,BAY PKWY,D,BMT,2018-12-28T00:00:00.000,00:00:00,REGULAR,14248570,11419338
443,E014,R374,00-00-03,BAY PKWY,D,BMT,2018-12-28T00:00:00.000,00:00:00,REGULAR,10737776,12115066
444,E014,R374,00-05-00,BAY PKWY,D,BMT,2018-12-28T00:00:00.000,00:00:00,REGULAR,150995663,0
445,E014,R374,00-00-02,BAY PKWY,D,BMT,2018-12-28T00:00:00.000,00:00:00,REGULAR,7971653,10381555
446,E014,R374,00-05-01,BAY PKWY,D,BMT,2018-12-28T00:00:00.000,00:00:00,REGULAR,100663296,120
447,E014,R374,00-00-03,BAY PKWY,D,BMT,2018-12-28T00:00:00.000,00:00:00,REGULAR,10737776,12115066
448,E014,R374,00-00-00,BAY PKWY,D,BMT,2018-12-28T00:00:00.000,00:00:00,REGULAR,14248570,11419338
449,E014,R374,00-00-02,BAY PKWY,D,BMT,2018-12-28T00:00:00.000,00:00:00,REGULAR,7971653,10381555
450,E014,R374,00-05-00,BAY PKWY,D,BMT,2018-12-28T00:00:00.000,00:00:00,REGULAR,150995663,0
451,E014,R374,00-00-04,BAY PKWY,D,BMT,2018-12-28T00:00:00.000,00:00:00,REGULAR,2170287,941358
452,E014,R374,00-00-01,BAY PKWY,D,BMT,2018-12-28T00:00:00.000,00:00:00,REGULAR,2458503,2592190
453,E014,R374,00-05-01,BAY PKWY,D,BMT,2018-12-28T00:00:00.000,00:00:00,REGULAR,100663296,120
454,E015,R399,00-00-00,25 AV,D,BMT,2018-12-28T00:00:00.000,00:00:00,REGULAR,3268960,708324
455,E015,R399,00-00-02,25 AV,D,BMT,2018-12-28T00:00:00.000,00:00:00,REGULAR,4276672,1520846
456,E015,R399,00-00-00,25 AV,D,BMT,2018-12-28T00:00:00.000,00:00:00,REGULAR,3268960,708324
457,E015,R399,00-00-01,25 AV,D,BMT,2018-12-28T00:00:00.000,00:00:00,REGULAR,1439280,317707
458,E015,R399,00-00-01,25 AV,D,BMT,2018-12-28T00:00:00.000,00:00:00,REGULAR,1439280,317707
459,E015,R399,00-00-02,25 AV,D,BMT,2018-12-28T00:00:00.000,00:00:00,REGULAR,4276672,1520846
460,E016,R400,00-00-00,BAY 50 ST,D,BMT,2018-12-28T00:00:00.000,00:00:00,REGULAR,7535917,6843146
461,E016,R400,00-00-01,BAY 50 ST,D,BMT,2018-12-28T00:00:00.000,00:00:00,REGULAR,933215,199217
462,E016,R400,00-00-01,BAY 50 ST,D,BMT,2018-12-28T00:00:00.000,00:00:00,REGULAR,933215,199217
463,E016,R400,00-00-02,BAY 50 ST,D,BMT,2018-12-28T00:00:00.000,00:00:00,REGULAR,3744304,1791765
464,E016,R400,00-00-00,BAY 50 ST,D,BMT,2018-12-28T00:00:00.000,00:00:00,REGULAR,7535917,6843146
465,E016,R400,00-00-02,BAY 50 ST,D,BMT,2018-12-28T00:00:00.000,00:00:00,REGULAR,3744304,1791765
466,G001,R151,00-05-01,CONEY IS-STILLW,DFNQ,BMT,2018-12-28T00:00:00.000,00:00:00,REGULAR,0,233
467,G001,R151,00-00-00,CONEY IS-STILLW,DFNQ,BMT,2018-12-28T00:00:00.000,00:00:00,REGULAR,911452,1584114
468,G001,R151,00-00-01,CONEY IS-STILLW,DFNQ,BMT,2018-12-28T00:00:00.000,00:00:00,REGULAR,7089624,6266619
469,G001,R151,00-03-03,CONEY IS-STILLW,DFNQ,BMT,2018-12-28T00:00:00.000,00:00:00,REGULAR,2382461,437523
470,G001,R151,00-00-04,CONEY IS-STILLW,DFNQ,BMT,2018-12-28T00:00:00.000,00:00:00,REGULAR,3466866,2426309
471,G001,R151,00-03-01,CONEY IS-STILLW,DFNQ,BMT,2018-12-28T00:00:00.000,00:00:00,REGULAR,3309942,1284341
472,G001,R151,00-03-00,CONEY IS-STILLW,DFNQ,BMT,2018-12-28T00:00:00.000,00:00:00,REGULAR,2453653,2019512
473,G001,R151,00-03-00,CONEY IS-STILLW,DFNQ,BMT,2018-12-28T00:00:00.000,00:00:00,REGULAR,2453653,2019512
474,G001,R151,00-06-00,CONEY IS-STILLW,DFNQ,BMT,2018-12-28T00:00:00.000,00:00:00,REGULAR,356662,668767
475,G001,R151,00-00-00,CONEY IS-STILLW,DFNQ,BMT,2018-12-28T00:00:00.000,00:00:00,REGULAR,911452,1584114
476,G001,R151,00-03-01,CONEY IS-STILLW,DFNQ,BMT,2018-12-28T00:00:00.000,00:00:00,REGULAR,3309942,1284341
477,G001,R151,00-00-01,CONEY IS-STILLW,DFNQ,BMT,2018-12-28T00:00:00.000,00:00:00,REGULAR,7089624,6266619
478,G001,R151,00-03-02,CONEY IS-STILLW,DFNQ,BMT,2018-12-28T00:00:00.000,00:00:00,REGULAR,202186,59331
479,G001,R151,00-03-02,CONEY IS-STILLW,DFNQ,BMT,2018-12-28T00:00:00.000,00:00:00,REGULAR,202186,59331
480,G001,R151,00-00-03,CONEY IS-STILLW,DFNQ,BMT,2018-12-28T00:00:00.000,00:00:00,REGULAR,7021753,4689861
481,G001,R151,00-05-00,CONEY IS-STILLW,DFNQ,BMT,2018-12-28T00:00:00.000,00:00:00,REGULAR,3428,0
482,G001,R151,00-00-02,CONEY IS-STILLW,DFNQ,BMT,2018-12-28T00:00:00.000,00:00:00,REGULAR,604747810,302331022
483,G001,R151,00-00-02,CONEY IS-STILLW,DFNQ,BMT,2018-12-28T00:00:00.000,00:00:00,REGULAR,604747810,302331022
484,G001,R151,00-03-03,CONEY IS-STILLW,DFNQ,BMT,2018-12-28T00:00:00.000,00:00:00,REGULAR,2382461,437523
485,G001,R151,00-05-01,CONEY IS-STILLW,DFNQ,BMT,2018-12-28T00:00:00.000,00:00:00,REGULAR,0,233
486,G001,R151,00-06-00,CONEY IS-STILLW,DFNQ,BMT,2018-12-28T00:00:00.000,00:00:00,REGULAR,356662,668767
487,G001,R151,00-05-00,CONEY IS-STILLW,DFNQ,BMT,2018-12-28T00:00:00.000,00:00:00,REGULAR,3428,0
488,G001,R151,00-00-03,CONEY IS-STILLW,DFNQ,BMT,2018-12-28T00:00:00.000,00:00:00,REGULAR,7021753,4689861
489,G001,R151,00-00-04,CONEY IS-STILLW,DFNQ,BMT,2018-12-28T00:00:00.000,00:00:00,REGULAR,3466866,2426309
490,G009,R151,02-00-02,CONEY IS-STILLW,DFNQ,BMT,2018-12-28T00:00:00.000,00:00:00,REGULAR,591474,689711
491,G009,R151,02-00-05,CONEY IS-STILLW,DFNQ,BMT,2018-12-28T00:00:00.000,00:00:00,REGULAR,303336,231473
492,G009,R151,02-05-01,CONEY IS-STILLW,DFNQ,BMT,2018-12-28T00:00:00.000,00:00:00,REGULAR,2,234
493,G009,R151,02-00-01,CONEY IS-STILLW,DFNQ,BMT,2018-12-28T00:00:00.000,00:00:00,REGULAR,727584,458954
494,G009,R151,02-00-02,CONEY IS-STILLW,DFNQ,BMT,2018-12-28T00:00:00.000,00:00:00,REGULAR,591474,689711
495,G009,R151,02-00-05,CONEY IS-STILLW,DFNQ,BMT,2018-12-28T00:00:00.000,00:00:00,REGULAR,303336,231473
496,G009,R151,02-00-04,CONEY IS-STILLW,DFNQ,BMT,2018-12-28T00:00:00.000,00:00:00,REGULAR,7315775,10407586
497,G009,R151,02-05-01,CONEY IS-STILLW,DFNQ,BMT,2018-12-28T00:00:00.000,00:00:00,REGULAR,2,234
498,G009,R151,02-00-00,CONEY IS-STILLW,DFNQ,BMT,2018-12-28T00:00:00.000,00:00:00,REGULAR,16926030,57601
499,G009,R151,02-00-00,CONEY IS-STILLW,DFNQ,BMT,2018-12-28T00:00:00.000,00:00:00,REGULAR,16926030,57601
500,G009,R151,02-00-01,CONEY IS-STILLW,DFNQ,BMT,2018-12-28T00:00:00.000,00:00:00,REGULAR,727584,458954
501,G009,R151,02-05-00,CONEY IS-STILLW,DFNQ,BMT,2018-12-28T00:00:00.000,00:00:00,REGULAR,2252,0
502,G009,R151,02-05-00,CONEY IS-STILLW,DFNQ,BMT,2018-12-28T00:00:00.000,00:00:00,REGULAR,2252,0
503,G009,R151,02-00-04,CONEY IS-STILLW,DFNQ,BMT,2018-12-28T00:00:00.000,00:00:00,REGULAR,7315775,10407586
504,G009,R151,02-00-03,CONEY IS-STILLW,DFNQ,BMT,2018-12-28T00:00:00.000,00:00:00,REGULAR,199194,288809
505,G009,R151,02-00-03,CONEY IS-STILLW,DFNQ,BMT,2018-12-28T00:00:00.000,00:00:00,REGULAR,199194,288809
506,H001,R175,00-05-01,8 AV,ACEL,BMT,2018-12-28T00:00:00.000,00:00:00,REGULAR,196608,66673
507,H001,R175,00-00-01,8 AV,ACEL,BMT,2018-12-28T00:00:00.000,00:00:00,REGULAR,18860268,12515005
508,H001,R175,00-06-00,8 AV,ACEL,BMT,2018-12-28T00:00:00.000,00:00:00,REGULAR,56584901,19722282
509,H001,R175,00-00-00,8 AV,ACEL,BMT,2018-12-28T00:00:00.000,00:00:00,REGULAR,5960717,5117719
510,H001,R175,00-00-02,8 AV,ACEL,BMT,2018-12-28T00:00:00.000,00:00:00,REGULAR,15246766,8739151
511,H001,R175,00-05-01,8 AV,ACEL,BMT,2018-12-28T00:00:00.000,00:00:00,REGULAR,196608,66673
512,H001,R175,00-06-02,8 AV,ACEL,BMT,2018-12-28T00:00:00.000,00:00:00,REGULAR,2952257,7994203
513,H001,R175,00-00-03,8 AV,ACEL,BMT,2018-12-28T00:00:00.000,00:00:00,REGULAR,10796737,8066120
514,H001,R175,00-00-04,8 AV,ACEL,BMT,2018-12-28T00:00:00.000,00:00:00,REGULAR,7845944,6167479
515,H001,R175,00-00-01,8 AV,ACEL,BMT,2018-12-28T00:00:00.000,00:00:00,REGULAR,18860268,12515005
516,H001,R175,00-00-02,8 AV,ACEL,BMT,2018-12-28T00:00:00.000,00:00:00,REGULAR,15246766,8739151
517,H001,R175,00-06-03,8 AV,ACEL,BMT,2018-12-28T00:00:00.000,00:00:00,REGULAR,2119971,1363079
518,H001,R175,00-00-05,8 AV,ACEL,BMT,2018-12-28T00:00:00.000,00:00:00,REGULAR,11182423,5098249
519,H001,R175,00-00-05,8 AV,ACEL,BMT,2018-12-28T00:00:00.000,00:00:00,REGULAR,11182423,5098249
520,H001,R175,00-05-00,8 AV,ACEL,BMT,2018-12-28T00:00:00.000,00:00:00,REGULAR,14687,0
521,H001,R175,00-05-00,8 AV,ACEL,BMT,2018-12-28T00:00:00.000,00:00:00,REGULAR,14687,0
522,H001,R175,00-00-04,8 AV,ACEL,BMT,2018-12-28T00:00:00.000,00:00:00,REGULAR,7845944,6167479
523,H001,R175,00-06-03,8 AV,ACEL,BMT,2018-12-28T00:00:00.000,00:00:00,REGULAR,2119971,1363079
524,H001,R175,00-06-01,8 AV,ACEL,BMT,2018-12-28T00:00:00.000,00:00:00,REGULAR,54026641,556164
525,H001,R175,00-06-00,8 AV,ACEL,BMT,2018-12-28T00:00:00.000,00:00:00,REGULAR,56584901,19722282
526,H001,R175,00-00-03,8 AV,ACEL,BMT,2018-12-28T00:00:00.000,00:00:00,REGULAR,10796737,8066120
527,H001,R175,00-06-02,8 AV,ACEL,BMT,2018-12-28T00:00:00.000,00:00:00,REGULAR,2952257,7994203
528,H001,R175,00-06-01,8 AV,ACEL,BMT,2018-12-28T00:00:00.000,00:00:00,REGULAR,54026641,556164
529,H001,R175,00-00-00,8 AV,ACEL,BMT,2018-12-28T00:00:00.000,00:00:00,REGULAR,5960717,5117719
530,H012,R268,01-06-00,LORIMER ST,LG,BMT,2018-12-28T00:00:00.000,00:00:00,RECOVR AUD,1927510,1305127
531,H012,R268,01-06-01,LORIMER ST,LG,BMT,2018-12-28T00:00:00.000,00:00:00,RECOVR AUD,3047591,1747192
532,H012,R268,01-00-00,LORIMER ST,LG,BMT,2018-12-28T00:00:00.000,00:00:00,RECOVR AUD,870062,254418
533,H012,R268,01-06-01,LORIMER ST,LG,BMT,2018-12-28T00:00:00.000,00:00:00,RECOVR AUD,3047591,1747192
534,H012,R268,01-00-01,LORIMER ST,LG,BMT,2018-12-28T00:00:00.000,00:00:00,RECOVR AUD,8612557,1126849
535,H012,R268,01-06-02,LORIMER ST,LG,BMT,2018-12-28T00:00:00.000,00:00:00,RECOVR AUD,1449194,782271
536,H012,R268,01-06-00,LORIMER ST,LG,BMT,2018-12-28T00:00:00.000,00:00:00,RECOVR AUD,1927510,1305127
537,H012,R268,01-06-02,LORIMER ST,LG,BMT,2018-12-28T00:00:00.000,00:00:00,RECOVR AUD,1449194,782271
538,H012,R268,01-00-01,LORIMER ST,LG,BMT,2018-12-28T00:00:00.000,00:00:00,RECOVR AUD,8612557,1126849
539,H012,R268,01-00-00,LORIMER ST,LG,BMT,2018-12-28T00:00:00.000,00:00:00,RECOVR AUD,870062,254418
540,H037,R349,00-00-00,SUTTER AV,L,BMT,2018-12-28T00:00:00.000,00:00:00,REGULAR,1386866,1487803
541,H037,R349,00-00-01,SUTTER AV,L,BMT,2018-12-28T00:00:00.000,00:00:00,REGULAR,1507895,417200
542,H037,R349,00-00-00,SUTTER AV,L,BMT,2018-12-28T00:00:00.000,00:00:00,REGULAR,1386866,1487803
543,H037,R349,00-00-01,SUTTER AV,L,BMT,2018-12-28T00:00:00.000,00:00:00,REGULAR,1507895,417200
544,H038,R350,00-00-02,LIVONIA AV,L,BMT,2018-12-28T00:00:00.000,00:00:00,REGULAR,6245611,1923318
545,H038,R350,00-06-01,LIVONIA AV,L,BMT,2018-12-28T00:00:00.000,00:00:00,REGULAR,252318,149174
546,H038,R350,00-06-00,LIVONIA AV,L,BMT,2018-12-28T00:00:00.000,00:00:00,REGULAR,492695,179906
547,H038,R350,00-00-00,LIVONIA AV,L,BMT,2018-12-28T00:00:00.000,00:00:00,REGULAR,2630223,3419428
548,H038,R350,00-06-01,LIVONIA AV,L,BMT,2018-12-28T00:00:00.000,00:00:00,REGULAR,252318,149174
549,H038,R350,00-06-00,LIVONIA AV,L,BMT,2018-12-28T00:00:00.000,00:00:00,REGULAR,492695,179906
550,H038,R350,00-00-02,LIVONIA AV,L,BMT,2018-12-28T00:00:00.000,00:00:00,REGULAR,6245611,1923318
551,H038,R350,00-00-00,LIVONIA AV,L,BMT,2018-12-28T00:00:00.000,00:00:00,REGULAR,2630223,3419428
552,H038,R350,00-00-01,LIVONIA AV,L,BMT,2018-12-28T00:00:00.000,00:00:00,REGULAR,4163735,2464383
553,H038,R350,00-00-01,LIVONIA AV,L,BMT,2018-12-28T00:00:00.000,00:00:00,REGULAR,4163735,2464383
554,H039,R375,00-00-02,NEW LOTS,L,BMT,2018-12-28T00:00:00.000,00:00:00,REGULAR,5259076,10735366
555,H039,R375,00-00-02,NEW LOTS,L,BMT,2018-12-28T00:00:00.000,00:00:00,REGULAR,5259076,10735366
556,H039,R375,00-00-00,NEW LOTS,L,BMT,2018-12-28T00:00:00.000,00:00:00,REGULAR,3143011,4102038
557,H039,R375,00-00-01,NEW LOTS,L,BMT,2018-12-28T00:00:00.000,00:00:00,REGULAR,8284794,6496293
558,H039,R375,00-00-00,NEW LOTS,L,BMT,2018-12-28T00:00:00.000,00:00:00,REGULAR,3143011,4102038
559,H039,R375,00-00-01,NEW LOTS,L,BMT,2018-12-28T00:00:00.000,00:00:00,REGULAR,8284794,6496293
560,H040,R376,00-00-03,EAST 105 ST,L,BMT,2018-12-28T00:00:00.000,00:00:00,REGULAR,2431349,2149797
561,H040,R376,00-00-00,EAST 105 ST,L,BMT,2018-12-28T00:00:00.000,00:00:00,REGULAR,9152047,7313843
562,H040,R376,00-00-00,EAST 105 ST,L,BMT,2018-12-28T00:00:00.000,00:00:00,REGULAR,9152047,7313843
563,H040,R376,00-00-01,EAST 105 ST,L,BMT,2018-12-28T00:00:00.000,00:00:00,REGULAR,8161799,7969843
564,H040,R376,00-00-01,EAST 105 ST,L,BMT,2018-12-28T00:00:00.000,00:00:00,REGULAR,8161799,7969843
565,H040,R376,00-00-02,EAST 105 ST,L,BMT,2018-12-28T00:00:00.000,00:00:00,REGULAR,3923256,4355221
566,H040,R376,00-00-03,EAST 105 ST,L,BMT,2018-12-28T00:00:00.000,00:00:00,REGULAR,2431349,2149797
567,H040,R376,00-00-02,EAST 105 ST,L,BMT,2018-12-28T00:00:00.000,00:00:00,REGULAR,3923256,4355221
568,H041,R152,00-00-03,CANARSIE-ROCKAW,L,BMT,2018-12-28T00:00:00.000,00:00:00,REGULAR,14436152,6350319
569,H041,R152,00-00-01,CANARSIE-ROCKAW,L,BMT,2018-12-28T00:00:00.000,00:00:00,REGULAR,15160260,7453805
570,H041,R152,00-00-04,CANARSIE-ROCKAW,L,BMT,2018-12-28T00:00:00.000,00:00:00,REGULAR,4232137,1629894
571,H041,R152,00-06-00,CANARSIE-ROCKAW,L,BMT,2018-12-28T00:00:00.000,00:00:00,REGULAR,123869,4464
572,H041,R152,00-05-01,CANARSIE-ROCKAW,L,BMT,2018-12-28T00:00:00.000,00:00:00,REGULAR,0,61
573,H041,R152,00-05-00,CANARSIE-ROCKAW,L,BMT,2018-12-28T00:00:00.000,00:00:00,REGULAR,2328,0
574,H041,R152,00-05-00,CANARSIE-ROCKAW,L,BMT,2018-12-28T00:00:00.000,00:00:00,REGULAR,2328,0
575,H041,R152,00-00-02,CANARSIE-ROCKAW,L,BMT,2018-12-28T00:00:00.000,00:00:00,REGULAR,17152432,4950694
576,H041,R152,00-00-04,CANARSIE-ROCKAW,L,BMT,2018-12-28T00:00:00.000,00:00:00,REGULAR,4232137,1629894
577,H041,R152,00-05-01,CANARSIE-ROCKAW,L,BMT,2018-12-28T00:00:00.000,00:00:00,REGULAR,0,61
578,H041,R152,00-00-02,CANARSIE-ROCKAW,L,BMT,2018-12-28T00:00:00.000,00:00:00,REGULAR,17152432,4950694
579,H041,R152,00-00-00,CANARSIE-ROCKAW,L,BMT,2018-12-28T00:00:00.000,00:00:00,REGULAR,3562738,2756869
580,H041,R152,00-00-03,CANARSIE-ROCKAW,L,BMT,2018-12-28T00:00:00.000,00:00:00,REGULAR,14436152,6350319
581,H041,R152,00-06-00,CANARSIE-ROCKAW,L,BMT,2018-12-28T00:00:00.000,00:00:00,REGULAR,123869,4464
582,H041,R152,00-00-01,CANARSIE-ROCKAW,L,BMT,2018-12-28T00:00:00.000,00:00:00,REGULAR,15160260,7453805
583,H041,R152,00-06-01,CANARSIE-ROCKAW,L,BMT,2018-12-28T00:00:00.000,00:00:00,REGULAR,6264313,431247
584,H041,R152,00-06-01,CANARSIE-ROCKAW,L,BMT,2018-12-28T00:00:00.000,00:00:00,REGULAR,6264313,431247
585,H041,R152,00-00-00,CANARSIE-ROCKAW,L,BMT,2018-12-28T00:00:00.000,00:00:00,REGULAR,3562738,2756869
586,J001,R460,01-00-00,MARCY AV,JMZ,BMT,2018-12-28T00:00:00.000,00:00:00,REGULAR,7781486,1067937
587,J001,R460,01-05-01,MARCY AV,JMZ,BMT,2018-12-28T00:00:00.000,00:00:00,REGULAR,0,55
588,J001,R460,01-00-02,MARCY AV,JMZ,BMT,2018-12-28T00:00:00.000,00:00:00,REGULAR,9486867,1614525
589,J001,R460,01-05-00,MARCY AV,JMZ,BMT,2018-12-28T00:00:00.000,00:00:00,REGULAR,2142,0
590,J001,R460,01-05-01,MARCY AV,JMZ,BMT,2018-12-28T00:00:00.000,00:00:00,REGULAR,0,55
591,J001,R460,01-00-02,MARCY AV,JMZ,BMT,2018-12-28T00:00:00.000,00:00:00,REGULAR,9486867,1614525
592,J001,R460,01-05-00,MARCY AV,JMZ,BMT,2018-12-28T00:00:00.000,00:00:00,REGULAR,2142,0
593,J001,R460,01-00-01,MARCY AV,JMZ,BMT,2018-12-28T00:00:00.000,00:00:00,REGULAR,8831596,2417638
594,J001,R460,01-00-00,MARCY AV,JMZ,BMT,2018-12-28T00:00:00.000,00:00:00,REGULAR,7781486,1067937
595,J001,R460,01-00-01,MARCY AV,JMZ,BMT,2018-12-28T00:00:00.000,00:00:00,REGULAR,8831596,2417638
596,J002,R460,00-06-00,MARCY AV,JMZ,BMT,2018-12-28T00:00:00.000,00:00:00,REGULAR,1839549,3793558
597,J002,R460,00-05-01,MARCY AV,JMZ,BMT,2018-12-28T00:00:00.000,00:00:00,REGULAR,0,340
598,J002,R460,00-05-01,MARCY AV,JMZ,BMT,2018-12-28T00:00:00.000,00:00:00,REGULAR,0,340
599,J002,R460,00-00-00,MARCY AV,JMZ,BMT,2018-12-28T00:00:00.000,00:00:00,REGULAR,1821183,385820
600,J002,R460,00-00-01,MARCY AV,JMZ,BMT,2018-12-28T00:00:00.000,00:00:00,REGULAR,2399595,1018064
601,J002,R460,00-05-00,MARCY AV,JMZ,BMT,2018-12-28T00:00:00.000,00:00:00,REGULAR,117440907,0
602,J002,R460,00-00-00,MARCY AV,JMZ,BMT,2018-12-28T00:00:00.000,00:00:00,REGULAR,1821183,385820
603,J002,R460,00-00-01,MARCY AV,JMZ,BMT,2018-12-28T00:00:00.000,00:00:00,REGULAR,2399595,1018064
604,J002,R460,00-00-02,MARCY AV,JMZ,BMT,2018-12-28T00:00:00.000,00:00:00,REGULAR,642894,487127
605,J002,R460,00-05-00,MARCY AV,JMZ,BMT,2018-12-28T00:00:00.000,00:00:00,REGULAR,117440907,0
606,J002,R460,00-06-00,MARCY AV,JMZ,BMT,2018-12-28T00:00:00.000,00:00:00,REGULAR,1839549,3793558
607,J002,R460,00-00-02,MARCY AV,JMZ,BMT,2018-12-28T00:00:00.000,00:00:00,REGULAR,642894,487127
608,J003,R352,00-00-00,HEWES ST,JM,BMT,2018-12-28T00:00:00.000,00:00:00,REGULAR,7860101,2466948
609,J003,R352,00-00-01,HEWES ST,JM,BMT,2018-12-28T00:00:00.000,00:00:00,REGULAR,2757178,1109641
610,J003,R352,00-06-01,HEWES ST,JM,BMT,2018-12-28T00:00:00.000,00:00:00,REGULAR,2115,2329
611,J003,R352,00-00-02,HEWES ST,JM,BMT,2018-12-28T00:00:00.000,00:00:00,REGULAR,1006227,1148185
612,J003,R352,00-06-00,HEWES ST,JM,BMT,2018-12-28T00:00:00.000,00:00:00,REGULAR,2843,14716
613,J003,R352,00-06-01,HEWES ST,JM,BMT,2018-12-28T00:00:00.000,00:00:00,REGULAR,2115,2329
614,J003,R352,00-00-02,HEWES ST,JM,BMT,2018-12-28T00:00:00.000,00:00:00,REGULAR,1006227,1148185
615,J003,R352,00-03-00,HEWES ST,JM,BMT,2018-12-28T00:00:00.000,00:00:00,REGULAR,9241,4302
616,J003,R352,00-00-00,HEWES ST,JM,BMT,2018-12-28T00:00:00.000,00:00:00,REGULAR,7860101,2466948
617,J003,R352,00-00-01,HEWES ST,JM,BMT,2018-12-28T00:00:00.000,00:00:00,REGULAR,2757178,1109641
618,J003,R352,00-06-00,HEWES ST,JM,BMT,2018-12-28T00:00:00.000,00:00:00,REGULAR,2843,14716
619,J003,R352,00-03-01,HEWES ST,JM,BMT,2018-12-28T00:00:00.000,00:00:00,REGULAR,4179,3586
620,J003,R352,00-03-00,HEWES ST,JM,BMT,2018-12-28T00:00:00.000,00:00:00,REGULAR,9241,4302
621,J003,R352,00-03-01,HEWES ST,JM,BMT,2018-12-28T00:00:00.000,00:00:00,REGULAR,4179,3586
622,J005,R353,00-03-01,LORIMER ST,JM,BMT,2018-12-28T00:00:00.000,00:00:00,REGULAR,29041,94538
623,J005,R353,00-03-00,LORIMER ST,JM,BMT,2018-12-28T00:00:00.000,00:00:00,REGULAR,24142,235270
624,J005,R353,00-03-00,LORIMER ST,JM,BMT,2018-12-28T00:00:00.000,00:00:00,REGULAR,24142,235270
625,J005,R353,00-00-00,LORIMER ST,JM,BMT,2018-12-28T00:00:00.000,00:00:00,REGULAR,5348202,1714478
626,J005,R353,00-00-01,LORIMER ST,JM,BMT,2018-12-28T00:00:00.000,00:00:00,REGULAR,838792,323134
627,J005,R353,00-00-00,LORIMER ST,JM,BMT,2018-12-28T00:00:00.000,00:00:00,REGULAR,5348202,1714478
628,J005,R353,00-00-02,LORIMER ST,JM,BMT,2018-12-28T00:00:00.000,00:00:00,REGULAR,2177721,1964173
629,J005,R353,00-00-01,LORIMER ST,JM,BMT,2018-12-28T00:00:00.000,00:00:00,REGULAR,838792,323134
630,J005,R353,00-06-01,LORIMER ST,JM,BMT,2018-12-28T00:00:00.000,00:00:00,REGULAR,232865,76849
631,J005,R353,00-06-00,LORIMER ST,JM,BMT,2018-12-28T00:00:00.000,00:00:00,REGULAR,70997,50789
632,J005,R353,00-06-01,LORIMER ST,JM,BMT,2018-12-28T00:00:00.000,00:00:00,REGULAR,232865,76849
633,J005,R353,00-03-01,LORIMER ST,JM,BMT,2018-12-28T00:00:00.000,00:00:00,REGULAR,29041,94538
634,J005,R353,00-00-02,LORIMER ST,JM,BMT,2018-12-28T00:00:00.000,00:00:00,REGULAR,2177721,1964173
635,J005,R353,00-06-00,LORIMER ST,JM,BMT,2018-12-28T00:00:00.000,00:00:00,REGULAR,70997,50789
636,J007,R377,00-05-00,FLUSHING AV,JM,BMT,2018-12-28T00:00:00.000,00:00:00,REGULAR,458809,3
637,J007,R377,00-00-02,FLUSHING AV,JM,BMT,2018-12-28T00:00:00.000,00:00:00,REGULAR,4947182,943533
638,J007,R377,00-05-00,FLUSHING AV,JM,BMT,2018-12-28T00:00:00.000,00:00:00,REGULAR,458809,3
639,J007,R377,00-03-00,FLUSHING AV,JM,BMT,2018-12-28T00:00:00.000,00:00:00,REGULAR,70192,324686
640,J007,R377,00-03-01,FLUSHING AV,JM,BMT,2018-12-28T00:00:00.000,00:00:00,REGULAR,30358,91641
641,J007,R377,00-03-01,FLUSHING AV,JM,BMT,2018-12-28T00:00:00.000,00:00:00,REGULAR,30358,91641
642,J007,R377,00-05-01,FLUSHING AV,JM,BMT,2018-12-28T00:00:00.000,00:00:00,REGULAR,458752,9
643,J007,R377,00-03-00,FLUSHING AV,JM,BMT,2018-12-28T00:00:00.000,00:00:00,REGULAR,70192,324686
644,J007,R377,00-00-01,FLUSHING AV,JM,BMT,2018-12-28T00:00:00.000,00:00:00,REGULAR,11949128,4818086
645,J007,R377,00-00-01,FLUSHING AV,JM,BMT,2018-12-28T00:00:00.000,00:00:00,REGULAR,11949128,4818086
646,J007,R377,00-00-00,FLUSHING AV,JM,BMT,2018-12-28T00:00:00.000,00:00:00,REGULAR,16196562,10578826
647,J007,R377,00-06-01,FLUSHING AV,JM,BMT,2018-12-28T00:00:00.000,00:00:00,REGULAR,10702600,11305124
648,J007,R377,00-06-00,FLUSHING AV,JM,BMT,2018-12-28T00:00:00.000,00:00:00,REGULAR,131366,94624
649,J007,R377,00-06-01,FLUSHING AV,JM,BMT,2018-12-28T00:00:00.000,00:00:00,REGULAR,10702600,11305124
650,J007,R377,00-05-01,FLUSHING AV,JM,BMT,2018-12-28T00:00:00.000,00:00:00,REGULAR,458752,9
651,J007,R377,00-00-00,FLUSHING AV,JM,BMT,2018-12-28T00:00:00.000,00:00:00,REGULAR,16196562,10578826
652,J007,R377,00-00-02,FLUSHING AV,JM,BMT,2018-12-28T00:00:00.000,00:00:00,REGULAR,4947182,943533
653,J007,R377,00-06-00,FLUSHING AV,JM,BMT,2018-12-28T00:00:00.000,00:00:00,REGULAR,131366,94624
654,J009,R378,00-00-02,MYRTLE AV,JMZ,BMT,2018-12-28T00:00:00.000,00:00:00,REGULAR,13693295,7346619
655,J009,R378,00-00-01,MYRTLE AV,JMZ,BMT,2018-12-28T00:00:00.000,00:00:00,REGULAR,1765736,1195691
656,J009,R378,00-00-01,MYRTLE AV,JMZ,BMT,2018-12-28T00:00:00.000,00:00:00,REGULAR,1765736,1195691
657,J009,R378,00-00-02,MYRTLE AV,JMZ,BMT,2018-12-28T00:00:00.000,00:00:00,REGULAR,13693295,7346619
658,J009,R378,00-00-03,MYRTLE AV,JMZ,BMT,2018-12-28T00:00:00.000,00:00:00,REGULAR,10125672,1678821
659,J009,R378,00-00-03,MYRTLE AV,JMZ,BMT,2018-12-28T00:00:00.000,00:00:00,REGULAR,10125672,1678821
660,J009,R378,00-00-00,MYRTLE AV,JMZ,BMT,2018-12-28T00:00:00.000,00:00:00,REGULAR,15001971,23040642
661,J009,R378,00-00-00,MYRTLE AV,JMZ,BMT,2018-12-28T00:00:00.000,00:00:00,REGULAR,15001971,23040642
662,J012,R379,00-00-02,KOSCIUSZKO ST,J,BMT,2018-12-28T00:00:00.000,00:00:00,REGULAR,8113943,4027228
663,J012,R379,00-00-01,KOSCIUSZKO ST,J,BMT,2018-12-28T00:00:00.000,00:00:00,REGULAR,1064896,349366
664,J012,R379,00-00-02,KOSCIUSZKO ST,J,BMT,2018-12-28T00:00:00.000,00:00:00,REGULAR,8113943,4027228
665,J012,R379,00-00-00,KOSCIUSZKO ST,J,BMT,2018-12-28T00:00:00.000,00:00:00,REGULAR,3795566,2233520
666,J012,R379,00-00-00,KOSCIUSZKO ST,J,BMT,2018-12-28T00:00:00.000,00:00:00,REGULAR,3795566,2233520
667,J012,R379,00-00-01,KOSCIUSZKO ST,J,BMT,2018-12-28T00:00:00.000,00:00:00,REGULAR,1064896,349366
668,J013,R380,00-00-02,GATES AV,JZ,BMT,2018-12-28T00:00:00.000,00:00:00,REGULAR,1586915,830154
669,J013,R380,00-00-01,GATES AV,JZ,BMT,2018-12-28T00:00:00.000,00:00:00,REGULAR,2793564,1130153
670,J013,R380,00-00-00,GATES AV,JZ,BMT,2018-12-28T00:00:00.000,00:00:00,REGULAR,4721853,1575588
671,J013,R380,00-00-02,GATES AV,JZ,BMT,2018-12-28T00:00:00.000,00:00:00,REGULAR,1586915,830154
672,J013,R380,00-00-00,GATES AV,JZ,BMT,2018-12-28T00:00:00.000,00:00:00,REGULAR,4721853,1575588
673,J013,R380,00-00-01,GATES AV,JZ,BMT,2018-12-28T00:00:00.000,00:00:00,REGULAR,2793564,1130153
674,J016,R381,00-00-01,HALSEY ST,J,BMT,2018-12-28T00:00:00.000,00:00:00,REGULAR,2786343,1407394
675,J016,R381,00-00-02,HALSEY ST,J,BMT,2018-12-28T00:00:00.000,00:00:00,REGULAR,17378566,5748710
676,J016,R381,00-00-02,HALSEY ST,J,BMT,2018-12-28T00:00:00.000,00:00:00,REGULAR,17378566,5748710
677,J016,R381,00-00-01,HALSEY ST,J,BMT,2018-12-28T00:00:00.000,00:00:00,REGULAR,2786343,1407394
678,J016,R381,00-00-00,HALSEY ST,J,BMT,2018-12-28T00:00:00.000,00:00:00,REGULAR,1582561,1480621
679,J016,R381,00-00-00,HALSEY ST,J,BMT,2018-12-28T00:00:00.000,00:00:00,REGULAR,1582561,1480621
680,J017,R432,00-00-01,CHAUNCEY ST,JZ,BMT,2018-12-28T00:00:00.000,00:00:00,REGULAR,5727218,2170819
681,J017,R432,00-00-02,CHAUNCEY ST,JZ,BMT,2018-12-28T00:00:00.000,00:00:00,REGULAR,1290414,1122441
682,J017,R432,00-00-01,CHAUNCEY ST,JZ,BMT,2018-12-28T00:00:00.000,00:00:00,REGULAR,5727218,2170819
683,J017,R432,00-00-00,CHAUNCEY ST,JZ,BMT,2018-12-28T00:00:00.000,00:00:00,REGULAR,199572,60529
684,J017,R432,00-00-02,CHAUNCEY ST,JZ,BMT,2018-12-28T00:00:00.000,00:00:00,REGULAR,1290414,1122441
685,J017,R432,00-00-00,CHAUNCEY ST,JZ,BMT,2018-12-28T00:00:00.000,00:00:00,REGULAR,199572,60529
686,J020,R433,00-00-01,ALABAMA AV,J,BMT,2018-12-28T00:00:00.000,00:00:00,REGULAR,348922,339286
687,J020,R433,00-00-00,ALABAMA AV,J,BMT,2018-12-28T00:00:00.000,00:00:00,REGULAR,2012927,1623546
688,J020,R433,00-00-00,ALABAMA AV,J,BMT,2018-12-28T00:00:00.000,00:00:00,REGULAR,2012927,1623546
689,J020,R433,00-00-02,ALABAMA AV,J,BMT,2018-12-28T00:00:00.000,00:00:00,REGULAR,5284128,6315448
690,J020,R433,00-00-01,ALABAMA AV,J,BMT,2018-12-28T00:00:00.000,00:00:00,REGULAR,348922,339286
691,J020,R433,00-00-02,ALABAMA AV,J,BMT,2018-12-28T00:00:00.000,00:00:00,REGULAR,5284128,6315448
692,J021,R434,00-00-02,VAN SICLEN AV,JZ,BMT,2018-12-28T00:00:00.000,00:00:00,REGULAR,6863839,5778115
693,J021,R434,00-00-01,VAN SICLEN AV,JZ,BMT,2018-12-28T00:00:00.000,00:00:00,REGULAR,5245090,6416662
694,J021,R434,00-00-00,VAN SICLEN AV,JZ,BMT,2018-12-28T00:00:00.000,00:00:00,REGULAR,2786288,2508313
695,J021,R434,00-00-01,VAN SICLEN AV,JZ,BMT,2018-12-28T00:00:00.000,00:00:00,REGULAR,5245090,6416662
696,J021,R434,00-00-02,VAN SICLEN AV,JZ,BMT,2018-12-28T00:00:00.000,00:00:00,REGULAR,6863839,5778115
697,J021,R434,00-00-00,VAN SICLEN AV,JZ,BMT,2018-12-28T00:00:00.000,00:00:00,REGULAR,2786288,2508313
698,J022,R435,00-00-00,CLEVELAND ST,J,BMT,2018-12-28T00:00:00.000,00:00:00,REGULAR,4427124,4794981
699,J022,R435,00-00-01,CLEVELAND ST,J,BMT,2018-12-28T00:00:00.000,00:00:00,REGULAR,5025630,4549868
700,J022,R435,00-00-00,CLEVELAND ST,J,BMT,2018-12-28T00:00:00.000,00:00:00,REGULAR,4427124,4794981
701,J022,R435,00-00-01,CLEVELAND ST,J,BMT,2018-12-28T00:00:00.000,00:00:00,REGULAR,5025630,4549868
702,J023,R436,00-00-00,NORWOOD AV,JZ,BMT,2018-12-28T00:00:00.000,00:00:00,REGULAR,6859285,9009429
703,J023,R436,00-00-01,NORWOOD AV,JZ,BMT,2018-12-28T00:00:00.000,00:00:00,REGULAR,2374458,2214571
704,J023,R436,00-00-00,NORWOOD AV,JZ,BMT,2018-12-28T00:00:00.000,00:00:00,REGULAR,6859285,9009429
705,J023,R436,00-00-02,NORWOOD AV,JZ,BMT,2018-12-28T00:00:00.000,00:00:00,REGULAR,3174041,2264754
706,J023,R436,00-00-02,NORWOOD AV,JZ,BMT,2018-12-28T00:00:00.000,00:00:00,REGULAR,3174041,2264754
707,J023,R436,00-00-01,NORWOOD AV,JZ,BMT,2018-12-28T00:00:00.000,00:00:00,REGULAR,2374458,2214571
708,J024,R437,00-00-01,CRESCENT ST,JZ,BMT,2018-12-28T00:00:00.000,00:00:00,REGULAR,5681606,6556082
709,J024,R437,00-00-00,CRESCENT ST,JZ,BMT,2018-12-28T00:00:00.000,00:00:00,REGULAR,546548,1011870
710,J024,R437,00-00-02,CRESCENT ST,JZ,BMT,2018-12-28T00:00:00.000,00:00:00,REGULAR,11288141,8215852
711,J024,R437,00-00-00,CRESCENT ST,JZ,BMT,2018-12-28T00:00:00.000,00:00:00,REGULAR,546548,1011870
712,J024,R437,00-00-01,CRESCENT ST,JZ,BMT,2018-12-28T00:00:00.000,00:00:00,REGULAR,5681606,6556082
713,J024,R437,00-00-02,CRESCENT ST,JZ,BMT,2018-12-28T00:00:00.000,00:00:00,REGULAR,11288141,8215852
714,JFK01,R535,00-00-01,HOWARD BCH JFK,A,IND,2018-12-28T00:00:00.000,00:00:00,REGULAR,47605,277527
715,JFK01,R535,00-00-03,HOWARD BCH JFK,A,IND,2018-12-28T00:00:00.000,00:00:00,REGULAR,15599,101137
716,JFK01,R535,00-00-02,HOWARD BCH JFK,A,IND,2018-12-28T00:00:00.000,00:00:00,REGULAR,110320,230775
717,JFK01,R535,00-00-03,HOWARD BCH JFK,A,IND,2018-12-28T00:00:00.000,00:00:00,REGULAR,15599,101137
718,JFK01,R535,00-00-01,HOWARD BCH JFK,A,IND,2018-12-28T00:00:00.000,00:00:00,REGULAR,47605,277527
719,JFK01,R535,00-00-02,HOWARD BCH JFK,A,IND,2018-12-28T00:00:00.000,00:00:00,REGULAR,110320,230775
720,JFK02,R535,01-00-02,HOWARD BCH JFK,A,IND,2018-12-28T00:00:00.000,00:00:00,REGULAR,67035,144009
721,JFK02,R535,01-00-06,HOWARD BCH JFK,A,IND,2018-12-28T00:00:00.000,00:00:00,REGULAR,5429,13351
722,JFK02,R535,01-00-05,HOWARD BCH JFK,A,IND,2018-12-28T00:00:00.000,00:00:00,REGULAR,60226,181344
723,JFK02,R535,01-00-02,HOWARD BCH JFK,A,IND,2018-12-28T00:00:00.000,00:00:00,REGULAR,67035,144009
724,JFK02,R535,01-00-01,HOWARD BCH JFK,A,IND,2018-12-28T00:00:00.000,00:00:00,REGULAR,139110,385154
725,JFK02,R535,01-00-04,HOWARD BCH JFK,A,IND,2018-12-28T00:00:00.000,00:00:00,REGULAR,152969,341985
726,JFK02,R535,01-00-01,HOWARD BCH JFK,A,IND,2018-12-28T00:00:00.000,00:00:00,REGULAR,139110,385154
727,JFK02,R535,01-00-05,HOWARD BCH JFK,A,IND,2018-12-28T00:00:00.000,00:00:00,REGULAR,60226,181344
728,JFK02,R535,01-00-06,HOWARD BCH JFK,A,IND,2018-12-28T00:00:00.000,00:00:00,REGULAR,5429,13351
729,JFK02,R535,01-00-03,HOWARD BCH JFK,A,IND,2018-12-28T00:00:00.000,00:00:00,REGULAR,22519,63240
730,JFK02,R535,01-00-03,HOWARD BCH JFK,A,IND,2018-12-28T00:00:00.000,00:00:00,REGULAR,22519,63240
731,JFK02,R535,01-00-04,HOWARD BCH JFK,A,IND,2018-12-28T00:00:00.000,00:00:00,REGULAR,152969,341985
732,JFK03,R536,00-03-00,JFK JAMAICA CT1,E,IND,2018-12-28T00:00:00.000,00:00:00,REGULAR,58876,68722
733,JFK03,R536,00-03-02,JFK JAMAICA CT1,E,IND,2018-12-28T00:00:00.000,00:00:00,REGULAR,154853,43912
734,JFK03,R536,00-03-01,JFK JAMAICA CT1,E,IND,2018-12-28T00:00:00.000,00:00:00,REGULAR,262237,449631
735,JFK03,R536,00-00-01,JFK JAMAICA CT1,E,IND,2018-12-28T00:00:00.000,00:00:00,REGULAR,406440,263606
736,JFK03,R536,00-03-01,JFK JAMAICA CT1,E,IND,2018-12-28T00:00:00.000,00:00:00,REGULAR,262237,449631
737,JFK03,R536,00-03-00,JFK JAMAICA CT1,E,IND,2018-12-28T00:00:00.000,00:00:00,REGULAR,58876,68722
738,JFK03,R536,00-03-03,JFK JAMAICA CT1,E,IND,2018-12-28T00:00:00.000,00:00:00,REGULAR,21556,5052
739,JFK03,R536,00-00-01,JFK JAMAICA CT1,E,IND,2018-12-28T00:00:00.000,00:00:00,REGULAR,406440,263606
740,JFK03,R536,00-03-03,JFK JAMAICA CT1,E,IND,2018-12-28T00:00:00.000,00:00:00,REGULAR,21556,5052
741,JFK03,R536,00-03-04,JFK JAMAICA CT1,E,IND,2018-12-28T00:00:00.000,00:00:00,REGULAR,68862,344979
742,JFK03,R536,00-00-04,JFK JAMAICA CT1,E,IND,2018-12-28T00:00:00.000,00:00:00,REGULAR,200856,116184
743,JFK03,R536,00-00-03,JFK JAMAICA CT1,E,IND,2018-12-28T00:00:00.000,00:00:00,REGULAR,44538,19350
744,JFK03,R536,00-00-02,JFK JAMAICA CT1,E,IND,2018-12-28T00:00:00.000,00:00:00,REGULAR,160564,50031
745,JFK03,R536,00-00-05,JFK JAMAICA CT1,E,IND,2018-12-28T00:00:00.000,00:00:00,REGULAR,43342,32264
746,JFK03,R536,00-03-02,JFK JAMAICA CT1,E,IND,2018-12-28T00:00:00.000,00:00:00,REGULAR,154853,43912
747,JFK03,R536,00-00-04,JFK JAMAICA CT1,E,IND,2018-12-28T00:00:00.000,00:00:00,REGULAR,200856,116184
748,JFK03,R536,00-00-03,JFK JAMAICA CT1,E,IND,2018-12-28T00:00:00.000,00:00:00,REGULAR,44538,19350
749,JFK03,R536,00-00-05,JFK JAMAICA CT1,E,IND,2018-12-28T00:00:00.000,00:00:00,REGULAR,43342,32264
750,JFK03,R536,00-03-04,JFK JAMAICA CT1,E,IND,2018-12-28T00:00:00.000,00:00:00,REGULAR,68862,344979
751,JFK03,R536,00-00-02,JFK JAMAICA CT1,E,IND,2018-12-28T00:00:00.000,00:00:00,REGULAR,160564,50031
752,K017,R401,00-03-00,CENTRAL AV,M,BMT,2018-12-28T00:00:00.000,00:00:00,REGULAR,1261372,562322
753,K017,R401,00-00-01,CENTRAL AV,M,BMT,2018-12-28T00:00:00.000,00:00:00,REGULAR,2548392,3641984
754,K017,R401,00-03-00,CENTRAL AV,M,BMT,2018-12-28T00:00:00.000,00:00:00,REGULAR,1261372,562322
755,K017,R401,00-03-01,CENTRAL AV,M,BMT,2018-12-28T00:00:00.000,00:00:00,REGULAR,2072320,596206
756,K017,R401,00-00-00,CENTRAL AV,M,BMT,2018-12-28T00:00:00.000,00:00:00,REGULAR,681468,2309890
757,K017,R401,00-03-01,CENTRAL AV,M,BMT,2018-12-28T00:00:00.000,00:00:00,REGULAR,2072320,596206
758,K017,R401,00-00-00,CENTRAL AV,M,BMT,2018-12-28T00:00:00.000,00:00:00,REGULAR,681468,2309890
759,K017,R401,00-00-01,CENTRAL AV,M,BMT,2018-12-28T00:00:00.000,00:00:00,REGULAR,2548392,3641984
760,K019,R413,00-03-00,KNICKERBOCKER,M,BMT,2018-12-28T00:00:00.000,00:00:00,REGULAR,4172199,1925752
761,K019,R413,00-00-00,KNICKERBOCKER,M,BMT,2018-12-28T00:00:00.000,00:00:00,REGULAR,1311262,4689651
762,K019,R413,00-03-01,KNICKERBOCKER,M,BMT,2018-12-28T00:00:00.000,00:00:00,REGULAR,3608684,1550840
763,K019,R413,00-03-01,KNICKERBOCKER,M,BMT,2018-12-28T00:00:00.000,00:00:00,REGULAR,3608684,1550840
764,K019,R413,00-03-00,KNICKERBOCKER,M,BMT,2018-12-28T00:00:00.000,00:00:00,REGULAR,4172199,1925752
765,K019,R413,00-00-00,KNICKERBOCKER,M,BMT,2018-12-28T00:00:00.000,00:00:00,REGULAR,1311262,4689651
766,K019,R413,00-00-01,KNICKERBOCKER,M,BMT,2018-12-28T00:00:00.000,00:00:00,REGULAR,2000781,2021613
767,K019,R413,00-00-01,KNICKERBOCKER,M,BMT,2018-12-28T00:00:00.000,00:00:00,REGULAR,2000781,2021613
768,K022,R402,00-00-00,SENECA AVE,M,BMT,2018-12-28T00:00:00.000,00:00:00,REGULAR,2167929,2746321
769,K022,R402,00-03-01,SENECA AVE,M,BMT,2018-12-28T00:00:00.000,00:00:00,REGULAR,2011728,2442802
770,K022,R402,00-00-01,SENECA AVE,M,BMT,2018-12-28T00:00:00.000,00:00:00,REGULAR,1086986,838531
771,K022,R402,00-03-01,SENECA AVE,M,BMT,2018-12-28T00:00:00.000,00:00:00,REGULAR,2011728,2442802
772,K022,R402,00-00-01,SENECA AVE,M,BMT,2018-12-28T00:00:00.000,00:00:00,REGULAR,1086986,838531
773,K022,R402,00-03-00,SENECA AVE,M,BMT,2018-12-28T00:00:00.000,00:00:00,REGULAR,1683381,1482910
774,K022,R402,00-03-00,SENECA AVE,M,BMT,2018-12-28T00:00:00.000,00:00:00,REGULAR,1683381,1482910
775,K022,R402,00-00-00,SENECA AVE,M,BMT,2018-12-28T00:00:00.000,00:00:00,REGULAR,2167929,2746321
776,K024,R403,00-00-00,FOREST AVE,M,BMT,2018-12-28T00:00:00.000,00:00:00,REGULAR,3739104,4715363
777,K024,R403,00-00-00,FOREST AVE,M,BMT,2018-12-28T00:00:00.000,00:00:00,REGULAR,3739104,4715363
778,K024,R403,00-00-02,FOREST AVE,M,BMT,2018-12-28T00:00:00.000,00:00:00,REGULAR,4532189,2683438
779,K024,R403,00-00-01,FOREST AVE,M,BMT,2018-12-28T00:00:00.000,00:00:00,REGULAR,6206993,5730427
780,K024,R403,00-00-02,FOREST AVE,M,BMT,2018-12-28T00:00:00.000,00:00:00,REGULAR,4532189,2683438
781,K024,R403,00-00-01,FOREST AVE,M,BMT,2018-12-28T00:00:00.000,00:00:00,REGULAR,6206993,5730427
782,K025,R404,00-03-01,FRESH POND RD,M,BMT,2018-12-28T00:00:00.000,00:00:00,REGULAR,565473,412199
783,K025,R404,00-03-02,FRESH POND RD,M,BMT,2018-12-28T00:00:00.000,00:00:00,REGULAR,163302,109192
784,K025,R404,00-03-00,FRESH POND RD,M,BMT,2018-12-28T00:00:00.000,00:00:00,REGULAR,14308068,5728962
785,K025,R404,00-03-01,FRESH POND RD,M,BMT,2018-12-28T00:00:00.000,00:00:00,REGULAR,565473,412199
786,K025,R404,00-03-00,FRESH POND RD,M,BMT,2018-12-28T00:00:00.000,00:00:00,REGULAR,14308068,5728962
787,K025,R404,00-03-02,FRESH POND RD,M,BMT,2018-12-28T00:00:00.000,00:00:00,REGULAR,163302,109192
788,K025,R404,00-00-00,FRESH POND RD,M,BMT,2018-12-28T00:00:00.000,00:00:00,REGULAR,4344087,3518473
789,K025,R404,00-00-03,FRESH POND RD,M,BMT,2018-12-28T00:00:00.000,00:00:00,REGULAR,682174,597742
790,K025,R404,00-03-03,FRESH POND RD,M,BMT,2018-12-28T00:00:00.000,00:00:00,REGULAR,820994,411497
791,K025,R404,00-00-02,FRESH POND RD,M,BMT,2018-12-28T00:00:00.000,00:00:00,REGULAR,3719515,276366
792,K025,R404,00-00-03,FRESH POND RD,M,BMT,2018-12-28T00:00:00.000,00:00:00,REGULAR,682174,597742
793,K025,R404,00-03-03,FRESH POND RD,M,BMT,2018-12-28T00:00:00.000,00:00:00,REGULAR,820994,411497
794,K025,R404,00-00-01,FRESH POND RD,M,BMT,2018-12-28T00:00:00.000,00:00:00,REGULAR,908566,1255518
795,K025,R404,00-00-00,FRESH POND RD,M,BMT,2018-12-28T00:00:00.000,00:00:00,REGULAR,4344087,3518473
796,K025,R404,00-00-01,FRESH POND RD,M,BMT,2018-12-28T00:00:00.000,00:00:00,REGULAR,908566,1255518
797,K025,R404,00-00-02,FRESH POND RD,M,BMT,2018-12-28T00:00:00.000,00:00:00,REGULAR,3719515,276366
798,N001,R173,01-06-01,INWOOD-207 ST,A,IND,2018-12-28T00:00:00.000,00:00:00,REGULAR,201936255,369535
799,N001,R173,01-06-02,INWOOD-207 ST,A,IND,2018-12-28T00:00:00.000,00:00:00,REGULAR,971124,706465
800,N001,R173,01-06-01,INWOOD-207 ST,A,IND,2018-12-28T00:00:00.000,00:00:00,REGULAR,201936255,369535
801,N001,R173,01-06-02,INWOOD-207 ST,A,IND,2018-12-28T00:00:00.000,00:00:00,REGULAR,971124,706465
802,N001,R173,01-05-00,INWOOD-207 ST,A,IND,2018-12-28T00:00:00.000,00:00:00,REGULAR,444,0
803,N001,R173,01-06-03,INWOOD-207 ST,A,IND,2018-12-28T00:00:00.000,00:00:00,REGULAR,567565,274716
804,N001,R173,01-06-03,INWOOD-207 ST,A,IND,2018-12-28T00:00:00.000,00:00:00,REGULAR,567565,274716
805,N001,R173,01-06-00,INWOOD-207 ST,A,IND,2018-12-28T00:00:00.000,00:00:00,REGULAR,4680678,846242
806,N001,R173,01-05-00,INWOOD-207 ST,A,IND,2018-12-28T00:00:00.000,00:00:00,REGULAR,444,0
807,N001,R173,01-06-00,INWOOD-207 ST,A,IND,2018-12-28T00:00:00.000,00:00:00,REGULAR,4680678,846242
808,N001,R173,01-05-01,INWOOD-207 ST,A,IND,2018-12-28T00:00:00.000,00:00:00,REGULAR,67108872,16777541
809,N001,R173,01-05-01,INWOOD-207 ST,A,IND,2018-12-28T00:00:00.000,00:00:00,REGULAR,67108872,16777541
810,N002A,R173,00-00-02,INWOOD-207 ST,A,IND,2018-12-28T00:00:00.000,00:00:00,REGULAR,6971914,3978271
811,N002A,R173,00-00-02,INWOOD-207 ST,A,IND,2018-12-28T00:00:00.000,00:00:00,REGULAR,6971914,3978271
812,N002A,R173,00-05-00,INWOOD-207 ST,A,IND,2018-12-28T00:00:00.000,00:00:00,REGULAR,3805,0
813,N002A,R173,00-05-00,INWOOD-207 ST,A,IND,2018-12-28T00:00:00.000,00:00:00,REGULAR,3805,0
814,N002A,R173,00-05-01,INWOOD-207 ST,A,IND,2018-12-28T00:00:00.000,00:00:00,REGULAR,0,583
815,N002A,R173,00-00-01,INWOOD-207 ST,A,IND,2018-12-28T00:00:00.000,00:00:00,REGULAR,9717723,5596144
816,N002A,R173,00-00-00,INWOOD-207 ST,A,IND,2018-12-28T00:00:00.000,00:00:00,REGULAR,6242348,3639816
817,N002A,R173,00-00-01,INWOOD-207 ST,A,IND,2018-12-28T00:00:00.000,00:00:00,REGULAR,9717723,5596144
818,N002A,R173,00-05-01,INWOOD-207 ST,A,IND,2018-12-28T00:00:00.000,00:00:00,REGULAR,0,583
819,N002A,R173,00-00-00,INWOOD-207 ST,A,IND,2018-12-28T00:00:00.000,00:00:00,REGULAR,6242348,3639816
820,N003,R185,00-00-01,DYCKMAN ST,A,IND,2018-12-28T00:00:00.000,00:00:00,REGULAR,12641326,269993
821,N003,R185,00-00-02,DYCKMAN ST,A,IND,2018-12-28T00:00:00.000,00:00:00,REGULAR,6946273,179809
822,N003,R185,00-00-01,DYCKMAN ST,A,IND,2018-12-28T00:00:00.000,00:00:00,REGULAR,12641326,269993
823,N003,R185,00-00-00,DYCKMAN ST,A,IND,2018-12-28T00:00:00.000,00:00:00,REGULAR,10763706,359873
824,N003,R185,00-00-02,DYCKMAN ST,A,IND,2018-12-28T00:00:00.000,00:00:00,REGULAR,6946273,179809
825,N003,R185,00-00-00,DYCKMAN ST,A,IND,2018-12-28T00:00:00.000,00:00:00,REGULAR,10763706,359873
826,N007A,R174,00-00-00,181 ST,A,IND,2018-12-28T00:00:00.000,00:00:00,REGULAR,10075476,10689861
827,N007A,R174,00-00-01,181 ST,A,IND,2018-12-28T00:00:00.000,00:00:00,REGULAR,14363287,8300189
828,N007A,R174,00-00-02,181 ST,A,IND,2018-12-28T00:00:00.000,00:00:00,REGULAR,9624748,6384005
829,N007A,R174,00-00-00,181 ST,A,IND,2018-12-28T00:00:00.000,00:00:00,REGULAR,10075476,10689861
830,N007A,R174,00-00-01,181 ST,A,IND,2018-12-28T00:00:00.000,00:00:00,REGULAR,14363287,8300189
831,N007A,R174,00-00-02,181 ST,A,IND,2018-12-28T00:00:00.000,00:00:00,REGULAR,9624748,6384005
832,N009,R174,01-00-00,181 ST,A,IND,2018-12-28T00:00:00.000,00:00:00,REGULAR,10028477,3285693
833,N009,R174,01-00-01,181 ST,A,IND,2018-12-28T00:00:00.000,00:00:00,REGULAR,7775040,6281654
834,N009,R174,01-00-02,181 ST,A,IND,2018-12-28T00:00:00.000,00:00:00,REGULAR,9803158,16066290
835,N009,R174,01-00-01,181 ST,A,IND,2018-12-28T00:00:00.000,00:00:00,REGULAR,7775040,6281654
836,N009,R174,01-00-02,181 ST,A,IND,2018-12-28T00:00:00.000,00:00:00,REGULAR,9803158,16066290
837,N009,R174,01-00-00,181 ST,A,IND,2018-12-28T00:00:00.000,00:00:00,REGULAR,10028477,3285693
838,N016A,R296,00-03-01,163 ST-AMSTERDM,C,IND,2018-12-28T00:00:00.000,00:00:00,REGULAR,413295,2528070
839,N016A,R296,00-00-01,163 ST-AMSTERDM,C,IND,2018-12-28T00:00:00.000,00:00:00,REGULAR,29384,20742
840,N016A,R296,00-03-00,163 ST-AMSTERDM,C,IND,2018-12-28T00:00:00.000,00:00:00,REGULAR,393428,5733480
841,N016A,R296,00-00-02,163 ST-AMSTERDM,C,IND,2018-12-28T00:00:00.000,00:00:00,REGULAR,9225595,1048638
842,N016A,R296,00-03-03,163 ST-AMSTERDM,C,IND,2018-12-28T00:00:00.000,00:00:00,REGULAR,91247,27495
843,N016A,R296,00-00-01,163 ST-AMSTERDM,C,IND,2018-12-28T00:00:00.000,00:00:00,REGULAR,29384,20742
844,N016A,R296,00-00-02,163 ST-AMSTERDM,C,IND,2018-12-28T00:00:00.000,00:00:00,REGULAR,9225595,1048638
845,N016A,R296,00-03-01,163 ST-AMSTERDM,C,IND,2018-12-28T00:00:00.000,00:00:00,REGULAR,413295,2528070
846,N016A,R296,00-03-00,163 ST-AMSTERDM,C,IND,2018-12-28T00:00:00.000,00:00:00,REGULAR,393428,5733480
847,N016A,R296,00-00-03,163 ST-AMSTERDM,C,IND,2018-12-28T00:00:00.000,00:00:00,REGULAR,41624,47702
848,N016A,R296,00-00-03,163 ST-AMSTERDM,C,IND,2018-12-28T00:00:00.000,00:00:00,REGULAR,41624,47702
849,N016A,R296,00-00-00,163 ST-AMSTERDM,C,IND,2018-12-28T00:00:00.000,00:00:00,REGULAR,8457454,609473
850,N016A,R296,00-00-00,163 ST-AMSTERDM,C,IND,2018-12-28T00:00:00.000,00:00:00,REGULAR,8457454,609473
851,N016A,R296,00-03-03,163 ST-AMSTERDM,C,IND,2018-12-28T00:00:00.000,00:00:00,REGULAR,91247,27495
852,N016A,R296,00-03-02,163 ST-AMSTERDM,C,IND,2018-12-28T00:00:00.000,00:00:00,REGULAR,32316,26312
853,N016A,R296,00-03-02,163 ST-AMSTERDM,C,IND,2018-12-28T00:00:00.000,00:00:00,REGULAR,32316,26312
854,N017,R331,00-00-00,155 ST,C,IND,2018-12-28T00:00:00.000,00:00:00,REGULAR,2278835,5191485
855,N017,R331,00-00-04,155 ST,C,IND,2018-12-28T00:00:00.000,00:00:00,REGULAR,5537712,1536358
856,N017,R331,00-00-03,155 ST,C,IND,2018-12-28T00:00:00.000,00:00:00,REGULAR,4068496,2281447
857,N017,R331,00-00-01,155 ST,C,IND,2018-12-28T00:00:00.000,00:00:00,REGULAR,1381211,1890404
858,N017,R331,00-00-04,155 ST,C,IND,2018-12-28T00:00:00.000,00:00:00,REGULAR,5537712,1536358
859,N017,R331,00-00-00,155 ST,C,IND,2018-12-28T00:00:00.000,00:00:00,REGULAR,2278835,5191485
860,N017,R331,00-00-03,155 ST,C,IND,2018-12-28T00:00:00.000,00:00:00,REGULAR,4068496,2281447
861,N017,R331,00-00-02,155 ST,C,IND,2018-12-28T00:00:00.000,00:00:00,REGULAR,2448192,2732474
862,N017,R331,00-00-02,155 ST,C,IND,2018-12-28T00:00:00.000,00:00:00,REGULAR,2448192,2732474
863,N017,R331,00-00-01,155 ST,C,IND,2018-12-28T00:00:00.000,00:00:00,REGULAR,1381211,1890404
864,N022,R332,02-06-00,135 ST,BC,IND,2018-12-28T00:00:00.000,00:00:00,REGULAR,68036922,16820587
865,N022,R332,02-06-01,135 ST,BC,IND,2018-12-28T00:00:00.000,00:00:00,REGULAR,3437566,383578
866,N022,R332,02-05-00,135 ST,BC,IND,2018-12-28T00:00:00.000,00:00:00,REGULAR,117440779,0
867,N022,R332,02-05-01,135 ST,BC,IND,2018-12-28T00:00:00.000,00:00:00,REGULAR,524288,11
868,N022,R332,02-06-00,135 ST,BC,IND,2018-12-28T00:00:00.000,00:00:00,REGULAR,68036922,16820587
869,N022,R332,02-05-01,135 ST,BC,IND,2018-12-28T00:00:00.000,00:00:00,REGULAR,524288,11
870,N022,R332,02-06-01,135 ST,BC,IND,2018-12-28T00:00:00.000,00:00:00,REGULAR,3437566,383578
871,N022,R332,02-05-00,135 ST,BC,IND,2018-12-28T00:00:00.000,00:00:00,REGULAR,117440779,0
872,N023,R332,01-00-00,135 ST,BC,IND,2018-12-28T00:00:00.000,00:00:00,REGULAR,2033615,2802146
873,N023,R332,01-00-00,135 ST,BC,IND,2018-12-28T00:00:00.000,00:00:00,REGULAR,2033615,2802146
874,N023,R332,01-00-02,135 ST,BC,IND,2018-12-28T00:00:00.000,00:00:00,REGULAR,1036908,3211513
875,N023,R332,01-00-01,135 ST,BC,IND,2018-12-28T00:00:00.000,00:00:00,REGULAR,148087,296331
876,N023,R332,01-00-01,135 ST,BC,IND,2018-12-28T00:00:00.000,00:00:00,REGULAR,148087,296331
877,N023,R332,01-06-00,135 ST,BC,IND,2018-12-28T00:00:00.000,00:00:00,REGULAR,692605,397180
878,N023,R332,01-00-02,135 ST,BC,IND,2018-12-28T00:00:00.000,00:00:00,REGULAR,1036908,3211513
879,N023,R332,01-06-00,135 ST,BC,IND,2018-12-28T00:00:00.000,00:00:00,REGULAR,692605,397180
880,N024,R332,00-00-02,135 ST,BC,IND,2018-12-28T00:00:00.000,00:00:00,REGULAR,6761266,1115171
881,N024,R332,00-00-02,135 ST,BC,IND,2018-12-28T00:00:00.000,00:00:00,REGULAR,6761266,1115171
882,N024,R332,00-00-01,135 ST,BC,IND,2018-12-28T00:00:00.000,00:00:00,REGULAR,4192610,1713755
883,N024,R332,00-00-00,135 ST,BC,IND,2018-12-28T00:00:00.000,00:00:00,REGULAR,2340046,4177992
884,N024,R332,00-00-00,135 ST,BC,IND,2018-12-28T00:00:00.000,00:00:00,REGULAR,2340046,4177992
885,N024,R332,00-00-01,135 ST,BC,IND,2018-12-28T00:00:00.000,00:00:00,REGULAR,4192610,1713755
886,N029,R333,01-00-00,116 ST,BC,IND,2018-12-28T00:00:00.000,00:00:00,REGULAR,168434869,168423674
887,N029,R333,01-00-00,116 ST,BC,IND,2018-12-28T00:00:00.000,00:00:00,REGULAR,168434869,168423674
888,N029,R333,01-00-01,116 ST,BC,IND,2018-12-28T00:00:00.000,00:00:00,REGULAR,185388912,218949888
889,N029,R333,01-00-02,116 ST,BC,IND,2018-12-28T00:00:00.000,00:00:00,REGULAR,1276344780,1625695321
890,N029,R333,01-00-01,116 ST,BC,IND,2018-12-28T00:00:00.000,00:00:00,REGULAR,185388912,218949888
891,N029,R333,01-00-02,116 ST,BC,IND,2018-12-28T00:00:00.000,00:00:00,REGULAR,1276344780,1625695321
892,N030,R333,00-00-01,116 ST,BC,IND,2018-12-28T00:00:00.000,00:00:00,REGULAR,6151060,3052413
893,N030,R333,00-00-02,116 ST,BC,IND,2018-12-28T00:00:00.000,00:00:00,REGULAR,1648604,375585
894,N030,R333,00-00-00,116 ST,BC,IND,2018-12-28T00:00:00.000,00:00:00,REGULAR,9414464,10047004
895,N030,R333,00-00-01,116 ST,BC,IND,2018-12-28T00:00:00.000,00:00:00,REGULAR,6151060,3052413
896,N030,R333,00-00-02,116 ST,BC,IND,2018-12-28T00:00:00.000,00:00:00,REGULAR,1648604,375585
897,N030,R333,00-00-00,116 ST,BC,IND,2018-12-28T00:00:00.000,00:00:00,REGULAR,9414464,10047004
898,N034,R334,01-00-00,CATHEDRAL PKWY,BC,IND,2018-12-28T00:00:00.000,00:00:00,REGULAR,2002713,987050
899,N034,R334,01-00-00,CATHEDRAL PKWY,BC,IND,2018-12-28T00:00:00.000,00:00:00,REGULAR,2002713,987050
900,N034,R334,01-00-01,CATHEDRAL PKWY,BC,IND,2018-12-28T00:00:00.000,00:00:00,REGULAR,4290562,1284883
901,N034,R334,01-00-02,CATHEDRAL PKWY,BC,IND,2018-12-28T00:00:00.000,00:00:00,REGULAR,67365364,134379895
902,N034,R334,01-00-01,CATHEDRAL PKWY,BC,IND,2018-12-28T00:00:00.000,00:00:00,REGULAR,4290562,1284883
903,N034,R334,01-00-02,CATHEDRAL PKWY,BC,IND,2018-12-28T00:00:00.000,00:00:00,REGULAR,67365364,134379895
904,N035,R334,00-00-00,CATHEDRAL PKWY,BC,IND,2018-12-28T00:00:00.000,00:00:00,REGULAR,13481835,8484455
905,N035,R334,00-00-02,CATHEDRAL PKWY,BC,IND,2018-12-28T00:00:00.000,00:00:00,REGULAR,45336,40148
906,N035,R334,00-00-02,CATHEDRAL PKWY,BC,IND,2018-12-28T00:00:00.000,00:00:00,REGULAR,45336,40148
907,N035,R334,00-00-00,CATHEDRAL PKWY,BC,IND,2018-12-28T00:00:00.000,00:00:00,REGULAR,13481835,8484455
908,N035,R334,00-00-01,CATHEDRAL PKWY,BC,IND,2018-12-28T00:00:00.000,00:00:00,REGULAR,3645018,3347143
909,N035,R334,00-00-01,CATHEDRAL PKWY,BC,IND,2018-12-28T00:00:00.000,00:00:00,REGULAR,3645018,3347143
910,N035,R334,00-00-03,CATHEDRAL PKWY,BC,IND,2018-12-28T00:00:00.000,00:00:00,REGULAR,53044,33939
911,N035,R334,00-00-03,CATHEDRAL PKWY,BC,IND,2018-12-28T00:00:00.000,00:00:00,REGULAR,53044,33939
912,N037,R314,00-00-02,103 ST,BC,IND,2018-12-28T00:00:00.000,00:00:00,REGULAR,4887898,8280683
913,N037,R314,00-00-01,103 ST,BC,IND,2018-12-28T00:00:00.000,00:00:00,REGULAR,10576401,5871166
914,N037,R314,00-00-00,103 ST,BC,IND,2018-12-28T00:00:00.000,00:00:00,REGULAR,13854684,11184033
915,N037,R314,00-00-02,103 ST,BC,IND,2018-12-28T00:00:00.000,00:00:00,REGULAR,4887898,8280683
916,N037,R314,00-00-00,103 ST,BC,IND,2018-12-28T00:00:00.000,00:00:00,REGULAR,13854684,11184033
917,N037,R314,00-00-01,103 ST,BC,IND,2018-12-28T00:00:00.000,00:00:00,REGULAR,10576401,5871166
918,N044,R187,00-03-02,81 ST-MUSEUM,BC,IND,2018-12-28T00:00:00.000,00:00:00,REGULAR,3845917,5999165
919,N044,R187,00-00-01,81 ST-MUSEUM,BC,IND,2018-12-28T00:00:00.000,00:00:00,REGULAR,16818243,3233028
920,N044,R187,00-00-00,81 ST-MUSEUM,BC,IND,2018-12-28T00:00:00.000,00:00:00,REGULAR,7546591,2053199
921,N044,R187,00-00-00,81 ST-MUSEUM,BC,IND,2018-12-28T00:00:00.000,00:00:00,REGULAR,7546591,2053199
922,N044,R187,00-03-02,81 ST-MUSEUM,BC,IND,2018-12-28T00:00:00.000,00:00:00,REGULAR,3845917,5999165
923,N044,R187,00-03-01,81 ST-MUSEUM,BC,IND,2018-12-28T00:00:00.000,00:00:00,REGULAR,37932,67474
924,N044,R187,00-00-01,81 ST-MUSEUM,BC,IND,2018-12-28T00:00:00.000,00:00:00,REGULAR,16818243,3233028
925,N044,R187,00-03-00,81 ST-MUSEUM,BC,IND,2018-12-28T00:00:00.000,00:00:00,REGULAR,8616231,13676054
926,N044,R187,00-03-00,81 ST-MUSEUM,BC,IND,2018-12-28T00:00:00.000,00:00:00,REGULAR,8616231,13676054
927,N044,R187,00-03-01,81 ST-MUSEUM,BC,IND,2018-12-28T00:00:00.000,00:00:00,REGULAR,37932,67474
928,N045,R187,01-06-01,81 ST-MUSEUM,BC,IND,2018-12-28T00:00:00.000,00:00:00,REGULAR,2108851,346035
929,N045,R187,01-06-01,81 ST-MUSEUM,BC,IND,2018-12-28T00:00:00.000,00:00:00,REGULAR,2108851,346035
930,N045,R187,01-06-00,81 ST-MUSEUM,BC,IND,2018-12-28T00:00:00.000,00:00:00,REGULAR,2190417,6738071
931,N045,R187,01-06-00,81 ST-MUSEUM,BC,IND,2018-12-28T00:00:00.000,00:00:00,REGULAR,2190417,6738071
932,N045,R187,01-00-00,81 ST-MUSEUM,BC,IND,2018-12-28T00:00:00.000,00:00:00,REGULAR,5104566,6537947
933,N045,R187,01-00-02,81 ST-MUSEUM,BC,IND,2018-12-28T00:00:00.000,00:00:00,REGULAR,4132847,946047
934,N045,R187,01-00-00,81 ST-MUSEUM,BC,IND,2018-12-28T00:00:00.000,00:00:00,REGULAR,5104566,6537947
935,N045,R187,01-00-01,81 ST-MUSEUM,BC,IND,2018-12-28T00:00:00.000,00:00:00,REGULAR,5466159,2339128
936,N045,R187,01-00-01,81 ST-MUSEUM,BC,IND,2018-12-28T00:00:00.000,00:00:00,REGULAR,5466159,2339128
937,N045,R187,01-00-02,81 ST-MUSEUM,BC,IND,2018-12-28T00:00:00.000,00:00:00,REGULAR,4132847,946047
938,N078,R175,01-03-00,14 ST,ACEL,IND,2018-12-28T00:00:00.000,00:00:00,REGULAR,2129553321,1156053797
939,N078,R175,01-00-02,14 ST,ACEL,IND,2018-12-28T00:00:00.000,00:00:00,REGULAR,8049944,10032498
940,N078,R175,01-06-02,14 ST,ACEL,IND,2018-12-28T00:00:00.000,00:00:00,REGULAR,102202213,1244434
941,N078,R175,01-00-01,14 ST,ACEL,IND,2018-12-28T00:00:00.000,00:00:00,REGULAR,1013282,1707029
942,N078,R175,01-06-01,14 ST,ACEL,IND,2018-12-28T00:00:00.000,00:00:00,REGULAR,1636083,1898921
943,N078,R175,01-00-01,14 ST,ACEL,IND,2018-12-28T00:00:00.000,00:00:00,REGULAR,1013282,1707029
944,N078,R175,01-06-00,14 ST,ACEL,IND,2018-12-28T00:00:00.000,00:00:00,REGULAR,3580967,1746003
945,N078,R175,01-06-03,14 ST,ACEL,IND,2018-12-28T00:00:00.000,00:00:00,REGULAR,122808409,1552199
946,N078,R175,01-03-02,14 ST,ACEL,IND,2018-12-28T00:00:00.000,00:00:00,REGULAR,6860896,3763056
947,N078,R175,01-03-02,14 ST,ACEL,IND,2018-12-28T00:00:00.000,00:00:00,REGULAR,6860896,3763056
948,N078,R175,01-06-02,14 ST,ACEL,IND,2018-12-28T00:00:00.000,00:00:00,REGULAR,102202213,1244434
949,N078,R175,01-03-01,14 ST,ACEL,IND,2018-12-28T00:00:00.000,00:00:00,REGULAR,13021391,15292134
950,N078,R175,01-03-00,14 ST,ACEL,IND,2018-12-28T00:00:00.000,00:00:00,REGULAR,2129553321,1156053797
951,N078,R175,01-00-00,14 ST,ACEL,IND,2018-12-28T00:00:00.000,00:00:00,REGULAR,6244831,8080590
952,N078,R175,01-06-01,14 ST,ACEL,IND,2018-12-28T00:00:00.000,00:00:00,REGULAR,1636083,1898921
953,N078,R175,01-06-03,14 ST,ACEL,IND,2018-12-28T00:00:00.000,00:00:00,REGULAR,122808409,1552199
954,N078,R175,01-00-00,14 ST,ACEL,IND,2018-12-28T00:00:00.000,00:00:00,REGULAR,6244831,8080590
955,N078,R175,01-06-00,14 ST,ACEL,IND,2018-12-28T00:00:00.000,00:00:00,REGULAR,3580967,1746003
956,N078,R175,01-00-02,14 ST,ACEL,IND,2018-12-28T00:00:00.000,00:00:00,REGULAR,8049944,10032498
957,N078,R175,01-03-01,14 ST,ACEL,IND,2018-12-28T00:00:00.000,00:00:00,REGULAR,13021391,15292134
958,N080,R138,00-06-01,W 4 ST-WASH SQ,ABCDEFM,IND,2018-12-28T00:00:00.000,00:00:00,REGULAR,1017974,991595
959,N080,R138,00-00-00,W 4 ST-WASH SQ,ABCDEFM,IND,2018-12-28T00:00:00.000,00:00:00,REGULAR,1560878,4292959
960,N080,R138,00-00-01,W 4 ST-WASH SQ,ABCDEFM,IND,2018-12-28T00:00:00.000,00:00:00,REGULAR,16925240,10713008
961,N080,R138,00-00-00,W 4 ST-WASH SQ,ABCDEFM,IND,2018-12-28T00:00:00.000,00:00:00,REGULAR,1560878,4292959
962,N080,R138,00-06-00,W 4 ST-WASH SQ,ABCDEFM,IND,2018-12-28T00:00:00.000,00:00:00,REGULAR,8248982,12071813
963,N080,R138,00-00-02,W 4 ST-WASH SQ,ABCDEFM,IND,2018-12-28T00:00:00.000,00:00:00,REGULAR,2362585,699891
964,N080,R138,00-00-01,W 4 ST-WASH SQ,ABCDEFM,IND,2018-12-28T00:00:00.000,00:00:00,REGULAR,16925240,10713008
965,N080,R138,00-03-00,W 4 ST-WASH SQ,ABCDEFM,IND,2018-12-28T00:00:00.000,00:00:00,REGULAR,7790453,655462
966,N080,R138,00-00-02,W 4 ST-WASH SQ,ABCDEFM,IND,2018-12-28T00:00:00.000,00:00:00,REGULAR,2362585,699891
967,N080,R138,00-03-00,W 4 ST-WASH SQ,ABCDEFM,IND,2018-12-28T00:00:00.000,00:00:00,REGULAR,7790453,655462
968,N080,R138,00-06-01,W 4 ST-WASH SQ,ABCDEFM,IND,2018-12-28T00:00:00.000,00:00:00,REGULAR,1017974,991595
969,N080,R138,00-06-00,W 4 ST-WASH SQ,ABCDEFM,IND,2018-12-28T00:00:00.000,00:00:00,REGULAR,8248982,12071813
970,N080,R138,00-03-01,W 4 ST-WASH SQ,ABCDEFM,IND,2018-12-28T00:00:00.000,00:00:00,REGULAR,1432503,75885
971,N080,R138,00-03-01,W 4 ST-WASH SQ,ABCDEFM,IND,2018-12-28T00:00:00.000,00:00:00,REGULAR,1432503,75885
972,N083,R138,01-03-00,W 4 ST-WASH SQ,ABCDEFM,IND,2018-12-28T00:00:00.000,00:00:00,REGULAR,13352507,11678075
973,N083,R138,01-05-00,W 4 ST-WASH SQ,ABCDEFM,IND,2018-12-28T00:00:00.000,00:00:00,REGULAR,197137,0
974,N083,R138,01-06-01,W 4 ST-WASH SQ,ABCDEFM,IND,2018-12-28T00:00:00.000,00:00:00,REGULAR,20792203,5731823
975,N083,R138,01-02-00,W 4 ST-WASH SQ,ABCDEFM,IND,2018-12-28T00:00:00.000,00:00:00,REGULAR,252928,326218
976,N083,R138,01-00-01,W 4 ST-WASH SQ,ABCDEFM,IND,2018-12-28T00:00:00.000,00:00:00,REGULAR,5131123,15288975
977,N083,R138,01-05-01,W 4 ST-WASH SQ,ABCDEFM,IND,2018-12-28T00:00:00.000,00:00:00,REGULAR,117440512,302
978,N083,R138,01-05-00,W 4 ST-WASH SQ,ABCDEFM,IND,2018-12-28T00:00:00.000,00:00:00,REGULAR,197137,0
979,N083,R138,01-03-02,W 4 ST-WASH SQ,ABCDEFM,IND,2018-12-28T00:00:00.000,00:00:00,REGULAR,21437993,10544869
980,N083,R138,01-00-01,W 4 ST-WASH SQ,ABCDEFM,IND,2018-12-28T00:00:00.000,00:00:00,REGULAR,5131123,15288975
981,N083,R138,01-06-00,W 4 ST-WASH SQ,ABCDEFM,IND,2018-12-28T00:00:00.000,00:00:00,REGULAR,11987829,13189620
982,N083,R138,01-06-01,W 4 ST-WASH SQ,ABCDEFM,IND,2018-12-28T00:00:00.000,00:00:00,REGULAR,20792203,5731823
983,N083,R138,01-02-01,W 4 ST-WASH SQ,ABCDEFM,IND,2018-12-28T00:00:00.000,00:00:00,REGULAR,1303858,829406
984,N083,R138,01-05-01,W 4 ST-WASH SQ,ABCDEFM,IND,2018-12-28T00:00:00.000,00:00:00,REGULAR,117440512,302
985,N083,R138,01-02-01,W 4 ST-WASH SQ,ABCDEFM,IND,2018-12-28T00:00:00.000,00:00:00,REGULAR,1303858,829406
986,N083,R138,01-06-00,W 4 ST-WASH SQ,ABCDEFM,IND,2018-12-28T00:00:00.000,00:00:00,REGULAR,11987829,13189620
987,N083,R138,01-02-02,W 4 ST-WASH SQ,ABCDEFM,IND,2018-12-28T00:00:00.000,00:00:00,REGULAR,541934,216303
988,N083,R138,01-02-00,W 4 ST-WASH SQ,ABCDEFM,IND,2018-12-28T00:00:00.000,00:00:00,REGULAR,252928,326218
989,N083,R138,01-03-02,W 4 ST-WASH SQ,ABCDEFM,IND,2018-12-28T00:00:00.000,00:00:00,REGULAR,21437993,10544869
990,N083,R138,01-02-02,W 4 ST-WASH SQ,ABCDEFM,IND,2018-12-28T00:00:00.000,00:00:00,REGULAR,541934,216303
991,N083,R138,01-03-01,W 4 ST-WASH SQ,ABCDEFM,IND,2018-12-28T00:00:00.000,00:00:00,REGULAR,661338,458771
992,N083,R138,01-00-00,W 4 ST-WASH SQ,ABCDEFM,IND,2018-12-28T00:00:00.000,00:00:00,REGULAR,8216635,23661544
993,N083,R138,01-03-00,W 4 ST-WASH SQ,ABCDEFM,IND,2018-12-28T00:00:00.000,00:00:00,REGULAR,13352507,11678075
994,N083,R138,01-00-00,W 4 ST-WASH SQ,ABCDEFM,IND,2018-12-28T00:00:00.000,00:00:00,REGULAR,8216635,23661544
995,N083,R138,01-03-01,W 4 ST-WASH SQ,ABCDEFM,IND,2018-12-28T00:00:00.000,00:00:00,REGULAR,661338,458771
996,N095,R014,00-03-04,FULTON ST,ACJZ2345,IND,2018-12-28T00:00:00.000,00:00:00,REGULAR,4616586,781830
997,N095,R014,00-03-03,FULTON ST,ACJZ2345,IND,2018-12-28T00:00:00.000,00:00:00,REGULAR,4511395,456226
998,N095,R014,00-05-00,FULTON ST,ACJZ2345,IND,2018-12-28T00:00:00.000,00:00:00,REGULAR,13983,0
999,N095,R014,00-03-07,FULTON ST,ACJZ2345,IND,2018-12-28T00:00:00.000,00:00:00,REGULAR,1175651,743821
