month,car class,mdbf
2022-08,A DIVISION,187594
2022-08,B DIVISION,123792
2022-08,FLEET,145581
2022-08,R142,240935
2022-08,R142A,155761
2022-08,R143,166513
2022-08,R160,284569
2022-08,R179,260948
2022-08,R188 - CONVERSION,180648
2022-08,R188 - NEW,191756
2022-08,R46,52879
2022-08,R62,148251
2022-08,R62A,166544
2022-08,R68,112944
2022-08,R68A,132127
2022-07,A DIVISION,192223
2022-07,B DIVISION,123337
2022-07,FLEET,146339
2022-07,R142,243293
2022-07,R142A,156097
2022-07,R143,168056
2022-07,R160,284496
2022-07,R179,237536
2022-07,R188 - CONVERSION,196556
2022-07,R188 - NEW,199222
2022-07,R46,53035
2022-07,R62,152044
2022-07,R62A,170097
2022-07,R68,112004
2022-07,R68A,121484
2022-06,A DIVISION,190264
2022-06,B DIVISION,123492
2022-06,FLEET,145897
2022-06,R142,244898
2022-06,R142A,150451
2022-06,R143,184898
2022-06,R160,275648
2022-06,R179,240339
2022-06,R188 - CONVERSION,191206
2022-06,R188 - NEW,210944
2022-06,R46,53420
2022-06,R62,158085
2022-06,R62A,164054
2022-06,R68,112306
2022-06,R68A,114246
2022-05,A DIVISION,184371
2022-05,B DIVISION,124297
2022-05,FLEET,144929
2022-05,R142,245486
2022-05,R142A,138831
2022-05,R143,201339
2022-05,R160,278843
2022-05,R179,245540
2022-05,R188 - CONVERSION,184132
2022-05,R188 - NEW,197660
2022-05,R46,52935
2022-05,R62,170641
2022-05,R62A,151985
2022-05,R68,116672
2022-05,R68A,108669
2022-04,A DIVISION,182266
2022-04,B DIVISION,124403
2022-04,FLEET,144366
2022-04,R142,237529
2022-04,R142A,136783
2022-04,R143,199938
2022-04,R160,277642
2022-04,R179,244225
2022-04,R188 - CONVERSION,181498
2022-04,R188 - NEW,191554
2022-04,R46,53242
2022-04,R62,173199
2022-04,R62A,151974
2022-04,R68,112495
2022-04,R68A,112994
2022-03,A DIVISION,183774
2022-03,B DIVISION,126656
2022-03,FLEET,146438
2022-03,R142,241375
2022-03,R142A,127665
2022-03,R143,193691
2022-03,R160,283377
2022-03,R179,230648
2022-03,R188 - CONVERSION,201105
2022-03,R188 - NEW,202345
2022-03,R46,55270
2022-03,R62,187097
2022-03,R62A,147702
2022-03,R68,114459
2022-03,R68A,104463
2022-02,A DIVISION,187859
2022-02,B DIVISION,127079
2022-02,FLEET,147775
2022-02,R142,241930
2022-02,R142A,132153
2022-02,R143,179938
2022-02,R160,295530
2022-02,R179,220155
2022-02,R188 - CONVERSION,206399
2022-02,R188 - NEW,224292
2022-02,R46,55590
2022-02,R62,199004
2022-02,R62A,149712
2022-02,R68,112335
2022-02,R68A,101895
2022-01,A DIVISION,192849
2022-01,B DIVISION,126636
2022-01,FLEET,148627
2022-01,R142,253194
2022-01,R142A,136766
2022-01,R143,187837
2022-01,R160,298071
2022-01,R179,204392
2022-01,R188 - CONVERSION,208817
2022-01,R188 - NEW,235502
2022-01,R46,56063
2022-01,R62,213526
2022-01,R62A,149604
2022-01,R68,107354
2022-01,R68A,97458
2021-12,A DIVISION,199111
2021-12,B DIVISION,127117
2021-12,FLEET,150363
2021-12,R142,261347
2021-12,R142A,136474
2021-12,R143,211173
2021-12,R160,300215
2021-12,R179,187811
2021-12,R188 - CONVERSION,224982
2021-12,R188 - NEW,285636
2021-12,R46,56437
2021-12,R62,223666
2021-12,R62A,151869
2021-12,R68,106523
2021-12,R68A,99453
2021-11,A DIVISION,200730
2021-11,B DIVISION,125829
2021-11,FLEET,149595
2021-11,R142,256140
2021-11,R142A,134849
2021-11,R143,197810
2021-11,R160,305546
2021-11,R179,168040
2021-11,R188 - CONVERSION,241196
2021-11,R188 - NEW,396906
2021-11,R42,0
2021-11,R46,55979
2021-11,R62,239463
2021-11,R62A,149739
2021-11,R68,109998
2021-11,R68A,91798
2021-10,A DIVISION,204255
2021-10,B DIVISION,124484
2021-10,FLEET,149225
2021-10,R142,252277
2021-10,R142A,140468
2021-10,R143,202337
2021-10,R160,310421
2021-10,R179,157541
2021-10,R188 - CONVERSION,256073
2021-10,R188 - NEW,437387
2021-10,R42,0
2021-10,R46,56083
2021-10,R62,246949
2021-10,R62A,152292
2021-10,R68,103693
2021-10,R68A,86603
2021-09,A DIVISION,204641
2021-09,B DIVISION,124894
2021-09,FLEET,149583
2021-09,R142,245694
2021-09,R142A,146878
2021-09,R143,225224
2021-09,R160,310684
2021-09,R179,145752
2021-09,R188 - CONVERSION,246069
2021-09,R188 - NEW,413961
2021-09,R42,0
2021-09,R46,56616
2021-09,R62,260856
2021-09,R62A,154342
2021-09,R68,107905
2021-09,R68A,78740
2021-08,A DIVISION,206054
2021-08,B DIVISION,127021
2021-08,FLEET,151616
2021-08,R142,253437
2021-08,R142A,152987
2021-08,R143,198635
2021-08,R160,314081
2021-08,R179,143020
2021-08,R188 - CONVERSION,246549
2021-08,R188 - NEW,416159
2021-08,R42,0
2021-08,R46,58697
2021-08,R62,250078
2021-08,R62A,152904
2021-08,R68,110844
2021-08,R68A,77119
2021-07,A DIVISION,205000
2021-07,B DIVISION,127351
2021-07,FLEET,151556
2021-07,R142,256753
2021-07,R142A,144277
2021-07,R143,182279
2021-07,R160,321011
2021-07,R179,142382
2021-07,R188 - CONVERSION,246398
2021-07,R188 - NEW,343101
2021-07,R42,0
2021-07,R46,59000
2021-07,R62,244937
2021-07,R62A,154367
2021-07,R68,113338
2021-07,R68A,73942
2021-06,A DIVISION,205351
2021-06,B DIVISION,126943
2021-06,FLEET,151255
2021-06,R142,254767
2021-06,R142A,135622
2021-06,R143,173131
2021-06,R160,327838
2021-06,R179,131849
2021-06,R188 - CONVERSION,258886
2021-06,R188 - NEW,290087
2021-06,R42,0
2021-06,R46,58857
2021-06,R62,233970
2021-06,R62A,160853
2021-06,R68,114035
2021-06,R68A,72736
2021-05,A DIVISION,208362
2021-05,B DIVISION,126370
2021-05,FLEET,151474
2021-05,R142,258648
2021-05,R142A,133006
2021-05,R143,168956
2021-05,R160,326603
2021-05,R179,119170
2021-05,R188 - CONVERSION,259042
2021-05,R188 - NEW,288442
2021-05,R42,0
2021-05,R46,60398
2021-05,R62,237856
2021-05,R62A,165860
2021-05,R68,109860
2021-05,R68A,68002
2021-04,A DIVISION,210673
2021-04,B DIVISION,125948
2021-04,FLEET,151662
2021-04,R142,270994
2021-04,R142A,133387
2021-04,R143,165204
2021-04,R160,326548
2021-04,R179,117002
2021-04,R188 - CONVERSION,289801
2021-04,R188 - NEW,326665
2021-04,R42,0
2021-04,R46,60731
2021-04,R62,219590
2021-04,R62A,162707
2021-04,R68,110983
2021-04,R68A,63722
2021-03,A DIVISION,211451
2021-03,B DIVISION,125098
2021-03,FLEET,151093
2021-03,R142,272688
2021-03,R142A,135416
2021-03,R143,168125
2021-03,R160,323775
2021-03,R179,109722
2021-03,R188 - CONVERSION,313123
2021-03,R188 - NEW,288514
2021-03,R42,0
2021-03,R46,59590
2021-03,R62,216497
2021-03,R62A,163399
2021-03,R68,111167
2021-03,R68A,64806
2021-02,A DIVISION,210500
2021-02,B DIVISION,122704
2021-02,FLEET,148867
2021-02,R142,281678
2021-02,R142A,129594
2021-02,R143,175309
2021-02,R160,300407
2021-02,R179,109722
2021-02,R188 - CONVERSION,313123
2021-02,R188 - NEW,288514
2021-02,R42,0
2021-02,R46,58663
2021-02,R62,212098
2021-02,R62A,160004
2021-02,R68,111440
2021-02,R68A,65559
2021-01,A DIVISION,205323
2021-01,B DIVISION,123102
2021-01,FLEET,148070
2021-01,R142,265746
2021-01,R142A,124210
2021-01,R143,172337
2021-01,R160,295061
2021-01,R179,115720
2021-01,R188 - CONVERSION,346459
2021-01,R188 - NEW,289785
2021-01,R32,0
2021-01,R42,0
2021-01,R46,58309
2021-01,R62,220253
2021-01,R62A,154807
2021-01,R68,111553
2021-01,R68A,69009
2020-12,A DIVISION,199721
2020-12,B DIVISION,122406
2020-12,FLEET,146297
2020-12,R142,257773
2020-12,R142A,136116
2020-12,R143,171338
2020-12,R160,288467
2020-12,R179,118793
2020-12,R188 - CONVERSION,307863
2020-12,R188 - NEW,264106
2020-12,R32,0
2020-12,R42,0
2020-12,R46,59443
2020-12,R62,212101
2020-12,R62A,148652
2020-12,R68,111766
2020-12,R68A,63888
2020-11,A DIVISION,195881
2020-11,B DIVISION,121036
2020-11,FLEET,144282
2020-11,R142,248902
2020-11,R142A,139856
2020-11,R143,166019
2020-11,R160,273723
2020-11,R179,130847
2020-11,R188 - CONVERSION,307930
2020-11,R188 - NEW,248902
2020-11,R32,38584
2020-11,R42,0
2020-11,R46,59689
2020-11,R62,212630
2020-11,R62A,144547
2020-11,R68,106270
2020-11,R68A,67633
2020-10,A DIVISION,190777
2020-10,B DIVISION,119329
2020-10,FLEET,141721
2020-10,R142,247970
2020-10,R142A,127777
2020-10,R143,160337
2020-10,R160,262961
2020-10,R179,141389
2020-10,R188 - CONVERSION,285631
2020-10,R188 - NEW,226785
2020-10,R32,0
2020-10,R42,0
2020-10,R46,59561
2020-10,R62,205982
2020-10,R62A,143417
2020-10,R68,102197
2020-10,R68A,65980
2020-09,A DIVISION,185653
2020-09,B DIVISION,118632
2020-09,FLEET,139955
2020-09,R142,244366
2020-09,R142A,126354
2020-09,R143,156775
2020-09,R160,260706
2020-09,R179,141357
2020-09,R188 - CONVERSION,284914
2020-09,R188 - NEW,239632
2020-09,R32,38276
2020-09,R42,0
2020-09,R46,61064
2020-09,R62,200693
2020-09,R62A,136055
2020-09,R68,92923
2020-09,R68A,68298
2020-08,A DIVISION,173228
2020-08,B DIVISION,118272
2020-08,FLEET,136530
2020-08,R142,228483
2020-08,R142A,115667
2020-08,R143,169048
2020-08,R160,269157
2020-08,R179,143164
2020-08,R188 - CONVERSION,280338
2020-08,R188 - NEW,253010
2020-08,R32,34960
2020-08,R42,0
2020-08,R46,60319
2020-08,R62,203143
2020-08,R62A,122937
2020-08,R68,88943
2020-08,R68A,72194
2020-07,A DIVISION,171572
2020-07,B DIVISION,116083
2020-07,FLEET,134407
2020-07,R142,225059
2020-07,R142A,115623
2020-07,R143,182777
2020-07,R160,263441
2020-07,R179,143943
2020-07,R188 - CONVERSION,298945
2020-07,R188 - NEW,295779
2020-07,R32,28665
2020-07,R42,0
2020-07,R46,60813
2020-07,R62,204035
2020-07,R62A,119068
2020-07,R68,84021
2020-07,R68A,78090
2020-06,A DIVISION,170850
2020-06,B DIVISION,115059
2020-06,FLEET,133387
2020-06,R142,224077
2020-06,R142A,127190
2020-06,R143,178705
2020-06,R160,257455
2020-06,R179,144353
2020-06,R188 - CONVERSION,267979
2020-06,R188 - NEW,356066
2020-06,R32,0
2020-06,R42,0
2020-06,R46,63096
2020-06,R62,212521
2020-06,R62A,115083
2020-06,R68,79897
2020-06,R68A,80383
2020-05,A DIVISION,173202
2020-05,B DIVISION,113159
2020-05,FLEET,132417
2020-05,R142,233360
2020-05,R142A,124722
2020-05,R143,174811
2020-05,R160,263297
2020-05,R179,150469
2020-05,R188 - CONVERSION,273394
2020-05,R188 - NEW,412009
2020-05,R32,28441
2020-05,R42,0
2020-05,R46,60166
2020-05,R62,207899
2020-05,R62A,115405
2020-05,R68,76267
2020-05,R68A,82553
2020-04,A DIVISION,173338
2020-04,B DIVISION,112156
2020-04,FLEET,131627
2020-04,R142,237375
2020-04,R142A,123016
2020-04,R143,172658
2020-04,R160,264046
2020-04,R179,150214
2020-04,R188 - CONVERSION,260292
2020-04,R188 - NEW,370648
2020-04,R32,28701
2020-04,R42,0
2020-04,R46,59141
2020-04,R62,225018
2020-04,R62A,114473
2020-04,R68,74277
2020-04,R68A,87354
2020-03,A DIVISION,211409
2020-03,B DIVISION,108312
2020-03,FLEET,130926
2020-03,R142,236177
2020-03,R142A,122039
2020-03,R143,153859
2020-03,R160,260843
2020-03,R179,150583
2020-03,R188 - CONVERSION,260356
2020-03,R188 - NEW,363886
2020-03,R32,29460
2020-03,R42,0
2020-03,R46,59762
2020-03,R62,216877
2020-03,R62A,113126
2020-03,R68,73998
2020-03,R68A,88604
2020-02,A DIVISION,172336
2020-02,B DIVISION,111432
2020-02,FLEET,130866
2020-02,R142,233142
2020-02,R142A,124424
2020-02,R143,147647
2020-02,R160,266986
2020-02,R188 - CONVERSION,258218
2020-02,R188 - NEW,451033
2020-02,R32,30186
2020-02,R42,27445
2020-02,R46,61018
2020-02,R62,213691
2020-02,R62A,113921
2020-02,R68,69384
2020-02,R68A,86745
2020-01,A DIVISION,172546
2020-01,B DIVISION,110912
2020-01,FLEET,130519
2020-01,R142,230676
2020-01,R142A,129431
2020-01,R143,133633
2020-01,R160,264924
2020-01,R179,158629
2020-01,R188 - CONVERSION,249117
2020-01,R188 - NEW,415541
2020-01,R32,30202
2020-01,R42,29015
2020-01,R46,63476
2020-01,R62,216005
2020-01,R62A,114976
2020-01,R68,66629
2020-01,R68A,86841
2019-12,A DIVISION,167931
2019-12,B DIVISION,108873
2019-12,FLEET,127743
2019-12,R142,212186
2019-12,R142A,124767
2019-12,R143,126684
2019-12,R160,267016
2019-12,R179,163704
2019-12,R188 - CONVERSION,261839
2019-12,R188 - NEW,480717
2019-12,R32,29805
2019-12,R42,33146
2019-12,R46,62014
2019-12,R62,215194
2019-12,R62A,114129
2019-12,R68,63610
2019-12,R68A,86243
2019-11,A DIVISION,164932
2019-11,B DIVISION,108046
2019-11,FLEET,126386
2019-11,R142,206692
2019-11,R142A,111437
2019-11,R143,115872
2019-11,R160,265406
2019-11,R179,168365
2019-11,R188 - CONVERSION,261464
2019-11,R188 - NEW,524280
2019-11,R32,29885
2019-11,R42,29775
2019-11,R46,62741
2019-11,R62,213271
2019-11,R62A,114927
2019-11,R68,63128
2019-11,R68A,84769
2019-10,A DIVISION,163498
2019-10,B DIVISION,107309
2019-10,FLEET,125430
2019-10,R142,204974
2019-10,R142A,109014
2019-10,R143,110276
2019-10,R160,264862
2019-10,R179,156962
2019-10,R188 - CONVERSION,272167
2019-10,R188 - NEW,722294
2019-10,R32,29715
2019-10,R42,31307
2019-10,R46,62774
2019-10,R62,238016
2019-10,R62A,110307
2019-10,R68,63531
2019-10,R68A,85868
2019-09,A DIVISION,164759
2019-09,B DIVISION,106722
2019-09,FLEET,125254
2019-09,R142,206305
2019-09,R142A,111559
2019-09,R143,99559
2019-09,R160,264497
2019-09,R179,172003
2019-09,R188 - CONVERSION,260593
2019-09,R188 - NEW,634133
2019-09,R32,29970
2019-09,R42,31187
2019-09,R46,61387
2019-09,R62,250063
2019-09,R62A,111374
2019-09,R68,66304
2019-09,R68A,86547
2019-08,A DIVISION,165475
2019-08,B DIVISION,106567
2019-08,FLEET,125319
2019-08,R142,208222
2019-08,R142A,108804
2019-08,R143,99632
2019-08,R160,254919
2019-08,R179,145131
2019-08,R188 - CONVERSION,232277
2019-08,R188 - NEW,623426
2019-08,R32,30665
2019-08,R42,29640
2019-08,R46,62348
2019-08,R62,248698
2019-08,R62A,115343
2019-08,R68,67631
2019-08,R68A,93180
2019-07,A DIVISION,163803
2019-07,B DIVISION,105910
2019-07,FLEET,124465
2019-07,R142,203816
2019-07,R142A,102700
2019-07,R143,98193
2019-07,R160,251972
2019-07,R179,130973
2019-07,R188 - CONVERSION,228832
2019-07,R188 - NEW,439884
2019-07,R32,33838
2019-07,R42,27530
2019-07,R46,61512
2019-07,R62,270490
2019-07,R62A,116312
2019-07,R68,66872
2019-07,R68A,90811
2019-06,A DIVISION,161633
2019-06,B DIVISION,105873
2019-06,FLEET,123916
2019-06,R142,201866
2019-06,R142A,97282
2019-06,R143,95279
2019-06,R160,246903
2019-06,R179,116547
2019-06,R188 - CONVERSION,233134
2019-06,R188 - NEW,500286
2019-06,R32,36325
2019-06,R42,28211
2019-06,R46,61822
2019-06,R62,273632
2019-06,R62A,114749
2019-06,R68,67129
2019-06,R68A,91485
2019-05,A DIVISION,154927
2019-05,B DIVISION,106673
2019-05,FLEET,122831
2019-05,R142,190465
2019-05,R142A,97577
2019-05,R143,96784
2019-05,R160,240879
2019-05,R179,108203
2019-05,R188 - CONVERSION,232418
2019-05,R188 - NEW,452133
2019-05,R32,35957
2019-05,R42,26082
2019-05,R46,63169
2019-05,R62,275585
2019-05,R62A,108674
2019-05,R68,70154
2019-05,R68A,99088
2019-04,A DIVISION,150614
2019-04,B DIVISION,106731
2019-04,FLEET,121704
2019-04,R142,178955
2019-04,R142A,95185
2019-04,R143,96974
2019-04,R160,241088
2019-04,R179,97995
2019-04,R188 - CONVERSION,224226
2019-04,R188 - NEW,537014
2019-04,R32,36222
2019-04,R42,24907
2019-04,R46,64764
2019-04,R62,269132
2019-04,R62A,107804
2019-04,R68,71035
2019-04,R68A,93072
2019-02,A DIVISION,144637
2019-02,B DIVISION,108693
2019-02,FLEET,121367
2019-02,R142,170537
2019-02,R142A,89975
2019-02,R143,91530
2019-02,R160,238277
2019-02,R188 - CONVERSION,204094
2019-02,R188 - NEW,473600
2019-02,R32,35322
2019-02,R42,26653
2019-02,R46,67982
2019-02,R62,317299
2019-02,R62A,103733
2019-02,R68,77549
2019-02,R68A,99876
2019-01,FLEET,121093
2019-01,R142,168179
2019-01,R142A,86517
2019-01,R143,97588
2019-01,R160,241832
2019-01,R188 - CONVERSION,211750
2019-01,R188 - NEW,523646
2019-01,R32,35218
2019-01,R42,27413
2019-01,R46,67847
2019-01,R62,312577
2019-01,R62A,101021
2019-01,R68,79811
2019-01,R68A,92678
2018-12,FLEET,121116
2018-12,R142,175880
2018-12,R142A,75880
2018-12,R143,97152
2018-12,R160,242265
2018-12,R188 - CONVERSION,198413
2018-12,R188 - NEW,583931
2018-12,R32,34890
2018-12,R42,25400
2018-12,R46,68714
2018-12,R62,355086
2018-12,R62A,99358
2018-12,R68,81675
2018-12,R68A,99255
2018-11,FLEET,121249
2018-11,R142,179845
2018-11,R142A,74730
2018-11,R143,99559
2018-11,R160,248656
2018-11,R188 - CONVERSION,182861
2018-11,R188 - NEW,588336
2018-11,R32,36146
2018-11,R42,26292
2018-11,R46,66791
2018-11,R62,343344
2018-11,R62A,100139
2018-11,R68,80764
2018-11,R68A,103476
2018-10,FLEET,122320
2018-10,R142,178536
2018-10,R142A,72208
2018-10,R143,102927
2018-10,R160,253749
2018-10,R188 - CONVERSION,175779
2018-10,R188 - NEW,528903
2018-10,R32,33552
2018-10,R42,28931
2018-10,R46,68147
2018-10,R62,310839
2018-10,R62A,102278
2018-10,R68,85875
2018-10,R68A,106853
2018-09,FLEET,122090
2018-09,R142,180620
2018-09,R142A,68404
2018-09,R143,106832
2018-09,R160,249625
2018-09,R188 - CONVERSION,171072
2018-09,R188 - NEW,585858
2018-09,R32,32293
2018-09,R42,28151
2018-09,R46,69602
2018-09,R62,288774
2018-09,R62A,102900
2018-09,R68,86669
2018-09,R68A,113201
2018-08,FLEET,122334
2018-08,R142,180568
2018-08,R142A,68299
2018-08,R143,103421
2018-08,R160,249073
2018-08,R188 - CONVERSION,175331
2018-08,R188 - NEW,405597
2018-08,R32,31181
2018-08,R42,30879
2018-08,R46,70496
2018-08,R62,271912
2018-08,R62A,104233
2018-08,R68,87883
2018-08,R68A,107792
2018-07,FLEET,120817
2018-07,R142,172150
2018-07,R142A,64663
2018-07,R143,101291
2018-07,R160,244999
2018-07,R188 - CONVERSION,169290
2018-07,R188 - NEW,374926
2018-07,R32,31355
2018-07,R42,33248
2018-07,R46,71514
2018-07,R62,257187
2018-07,R62A,100447
2018-07,R68,91984
2018-07,R68A,100795
2018-06,FLEET,119908
2018-06,R142,162672
2018-06,R142A,63685
2018-06,R143,101224
2018-06,R160,248776
2018-06,R188 - CONVERSION,163229
2018-06,R188 - NEW,404037
2018-06,R32,31114
2018-06,R42,34217
2018-06,R46,71357
2018-06,R62,222168
2018-06,R62A,100475
2018-06,R68,95438
2018-06,R68A,97096
2018-05,FLEET,119949
2018-05,R142,161074
2018-05,R142A,62622
2018-05,R143,97235
2018-05,R160,246897
2018-05,R188 - CONVERSION,164116
2018-05,R188 - NEW,441333
2018-05,R32,31560
2018-05,R42,35216
2018-05,R46,72700
2018-05,R62,199957
2018-05,R62A,102773
2018-05,R68,95531
2018-05,R68A,94980
2018-04,FLEET,120835
2018-04,R142,163159
2018-04,R142A,62756
2018-04,R143,93418
2018-04,R160,252038
2018-04,R188 - CONVERSION,172912
2018-04,R188 - NEW,443745
2018-04,R32,31503
2018-04,R42,36727
2018-04,R46,71787
2018-04,R62,201314
2018-04,R62A,103086
2018-04,R68,98704
2018-04,R68A,101231
2018-03,FLEET,120347
2018-03,R142,163186
2018-03,R142A,59170
2018-03,R143,95365
2018-03,R160,252639
2018-03,R188 - CONVERSION,165100
2018-03,R188 - NEW,411665
2018-03,R32,32383
2018-03,R42,38065
2018-03,R46,70538
2018-03,R62,201380
2018-03,R62A,103858
2018-03,R68,99325
2018-03,R68A,95994
2018-02,FLEET,119622
2018-02,R142,162916
2018-02,R142A,58927
2018-02,R143,96623
2018-02,R160,248310
2018-02,R188 - CONVERSION,158277
2018-02,R188 - NEW,488654
2018-02,R32,32750
2018-02,R42,35467
2018-02,R46,71398
2018-02,R62,193784
2018-02,R62A,100573
2018-02,R68,98682
2018-02,R68A,94046
2018-01,FLEET,119469
2018-01,R142,166269
2018-01,R142A,55571
2018-01,R143,93179
2018-01,R160,247157
2018-01,R188 - CONVERSION,154591
2018-01,R188 - NEW,486053
2018-01,R32,33108
2018-01,R42,36635
2018-01,R46,71633
2018-01,R62,195437
2018-01,R62A,98796
2018-01,R68,100291
2018-01,R68A,95307
2017-12,FLEET,121220
2017-12,R142,163012
2017-12,R142A,55988
2017-12,R143,90858
2017-12,R160,241866
2017-12,R188 - CONVERSION,165167
2017-12,R188 - NEW,444913
2017-12,R32,34391
2017-12,R42,41192
2017-12,R46,73212
2017-12,R62,189218
2017-12,R62A,101963
2017-12,R68,106133
2017-12,R68A,96584
2017-11,FLEET,119741
2017-11,R142,161938
2017-11,R142A,53606
2017-11,R143,89418
2017-11,R160,234090
2017-11,R188 - CONVERSION,175306
2017-11,R188 - NEW,445561
2017-11,R32,32724
2017-11,R42,40466
2017-11,R46,74145
2017-11,R62,201495
2017-11,R62A,98769
2017-11,R68,111082
2017-11,R68A,91229
2017-10,FLEET,119332
2017-10,R142,154801
2017-10,R142A,53863
2017-10,R143,80016
2017-10,R160,232513
2017-10,R188 - CONVERSION,182531
2017-10,R188 - NEW,443593
2017-10,R32,36013
2017-10,R42,39101
2017-10,R46,73553
2017-10,R62,203473
2017-10,R62A,97382
2017-10,R68,114513
2017-10,R68A,97128
2017-09,FLEET,118699
2017-09,R142,151053
2017-09,R142A,52083
2017-09,R143,77921
2017-09,R160,233807
2017-09,R188 - CONVERSION,184097
2017-09,R188 - NEW,443704
2017-09,R32,36193
2017-09,R42,42729
2017-09,R46,75644
2017-09,R62,207805
2017-09,R62A,93226
2017-09,R68,115519
2017-09,R68A,94297
2017-08,FLEET,117414
2017-08,R142,148092
2017-08,R142A,50716
2017-08,R143,68193
2017-08,R160,237579
2017-08,R188 - CONVERSION,184225
2017-08,R188 - NEW,445786
2017-08,R32,38186
2017-08,R42,42754
2017-08,R46,75616
2017-08,R62,219310
2017-08,R62A,89598
2017-08,R68,116593
2017-08,R68A,86767
2017-07,FLEET,115843
2017-07,R142,144345
2017-07,R142A,50766
2017-07,R143,62493
2017-07,R160,232102
2017-07,R188 - CONVERSION,177913
2017-07,R188 - NEW,597590
2017-07,R32,37601
2017-07,R42,44306
2017-07,R46,76852
2017-07,R62,211520
2017-07,R62A,85425
2017-07,R68,121774
2017-07,R68A,93080
2017-06,FLEET,115760
2017-06,R142,146430
2017-06,R142A,50566
2017-06,R143,61608
2017-06,R160,232733
2017-06,R188 - CONVERSION,184085
2017-06,R188 - NEW,771153
2017-06,R32,35918
2017-06,R42,39473
2017-06,R46,77127
2017-06,R62,235188
2017-06,R62A,84528
2017-06,R68,120521
2017-06,R68A,96030
2017-05,FLEET,115145
2017-05,R142,146333
2017-05,R142A,49669
2017-05,R143,60234
2017-05,R160,237584
2017-05,R188 - CONVERSION,171771
2017-05,R188 - NEW,770462
2017-05,R32,34371
2017-05,R42,40698
2017-05,R46,76281
2017-05,R62,250631
2017-05,R62A,84207
2017-05,R68,121448
2017-05,R68A,97086
2017-04,FLEET,115527
2017-04,R142,145836
2017-04,R142A,49867
2017-04,R143,58761
2017-04,R160,235168
2017-04,R188 - CONVERSION,173747
2017-04,R188 - NEW,669480
2017-04,R32,34377
2017-04,R42,39307
2017-04,R46,78922
2017-04,R62,258252
2017-04,R62A,85378
2017-04,R68,119323
2017-04,R68A,96464
2017-03,FLEET,115154
2017-03,R142,148906
2017-03,R142A,47709
2017-03,R143,58348
2017-03,R160,236287
2017-03,R188 - CONVERSION,192843
2017-03,R188 - NEW,760984
2017-03,R32,33527
2017-03,R42,41683
2017-03,R46,77311
2017-03,R62,239386
2017-03,R62A,84276
2017-03,R68,121473
2017-03,R68A,102830
2017-02,FLEET,114261
2017-02,R142,148382
2017-02,R142A,47997
2017-02,R143,56254
2017-02,R160,245721
2017-02,R188 - CONVERSION,201532
2017-02,R188 - NEW,591207
2017-02,R32,33217
2017-02,R42,42094
2017-02,R46,73917
2017-02,R62,216306
2017-02,R62A,84988
2017-02,R68,120838
2017-02,R68A,99385
2017-01,FLEET,113022
2017-01,R142,145002
2017-01,R142A,49145
2017-01,R143,54814
2017-01,R160,242160
2017-01,R188 - CONVERSION,193909
2017-01,R188 - NEW,478981
2017-01,R32,33331
2017-01,R42,43444
2017-01,R46,73642
2017-01,R62,205635
2017-01,R62A,85925
2017-01,R68,114085
2017-01,R68A,102130
2016-12,FLEET,112208
2016-12,R142,143910
2016-12,R142A,50260
2016-12,R143,53805
2016-12,R160,253300
2016-12,R188 - CONVERSION,179596
2016-12,R188 - NEW,476693
2016-12,R32,33268
2016-12,R42,35260
2016-12,R46,73696
2016-12,R62,198041
2016-12,R62A,82447
2016-12,R68,117531
2016-12,R68A,98997
2016-11,FLEET,113179
2016-11,R142,142536
2016-11,R142A,50704
2016-11,R143,53651
2016-11,R160,268080
2016-11,R188 - CONVERSION,184098
2016-11,R188 - NEW,521186
2016-11,R32,32327
2016-11,R42,36294
2016-11,R46,75503
2016-11,R62,189436
2016-11,R62A,82530
2016-11,R68,117673
2016-11,R68A,101337
2016-10,FLEET,113363
2016-10,R142,141529
2016-10,R142A,49762
2016-10,R143,57902
2016-10,R160,277667
2016-10,R188 - CONVERSION,170908
2016-10,R188 - NEW,520801
2016-10,R32,31843
2016-10,R42,33562
2016-10,R46,76836
2016-10,R62,181061
2016-10,R62A,82900
2016-10,R68,116334
2016-10,R68A,95093
2016-09,FLEET,113961
2016-09,R142,139584
2016-09,R142A,51275
2016-09,R143,56423
2016-09,R160,286655
2016-09,R188 - CONVERSION,163346
2016-09,R188 - NEW,581452
2016-09,R32,32377
2016-09,R42,32788
2016-09,R46,78057
2016-09,R62,176174
2016-09,R62A,83438
2016-09,R68,114670
2016-09,R68A,101595
2016-08,FLEET,114739
2016-08,R142,140112
2016-08,R142A,52689
2016-08,R143,60738
2016-08,R160,281764
2016-08,R188 - CONVERSION,161483
2016-08,R188 - NEW,577083
2016-08,R32,31369
2016-08,R42,31792
2016-08,R46,78707
2016-08,R62,174723
2016-08,R62A,84451
2016-08,R68,116366
2016-08,R68A,114036
2016-07,FLEET,119505
2016-07,R142,149963
2016-07,R142A,54139
2016-07,R143,64107
2016-07,R160,306076
2016-07,R188 - CONVERSION,170859
2016-07,R188 - NEW,573821
2016-07,R32,31889
2016-07,R42,32007
2016-07,R46,80611
2016-07,R62,181356
2016-07,R62A,89411
2016-07,R68,115424
2016-07,R68A,121840
2016-06,FLEET,120313
2016-06,R142,154127
2016-06,R142A,52171
2016-06,R143,61702
2016-06,R160,317875
2016-06,R188 - CONVERSION,155578
2016-06,R188 - NEW,472024
2016-06,R32,33028
2016-06,R42,34399
2016-06,R46,82666
2016-06,R62,187661
2016-06,R62A,88834
2016-06,R68,117467
2016-06,R68A,119045
2016-05,FLEET,122280
2016-05,R142,154637
2016-05,R142A,54081
2016-05,R143,61346
2016-05,R160,315794
2016-05,R188 - CONVERSION,142293
2016-05,R188 - NEW,179394
2016-05,R32,33996
2016-05,R42,37603
2016-05,R46,86062
2016-05,R62,195744
2016-05,R62A,92333
2016-05,R68,118007
2016-05,R68A,123228
2016-04,FLEET,123454
2016-04,R142,153221
2016-04,R142A,54134
2016-04,R143,63288
2016-04,R160,327425
2016-04,R188 - CONVERSION,126637
2016-04,R188 - NEW,352571
2016-04,R32,35666
2016-04,R42,40140
2016-04,R46,89305
2016-04,R62,190675
2016-04,R62A,91604
2016-04,R68,119902
2016-04,R68A,128828
2016-03,FLEET,125613
2016-03,R142,148053
2016-03,R142A,57545
2016-03,R143,62398
2016-03,R160,342377
2016-03,R188 - CONVERSION,120191
2016-03,R188 - NEW,315015
2016-03,R32,37761
2016-03,R42,39309
2016-03,R46,94882
2016-03,R62,182864
2016-03,R62A,93882
2016-03,R68,119846
2016-03,R68A,126551
2016-02,FLEET,128007
2016-02,R142,148354
2016-02,R142A,59156
2016-02,R143,65164
2016-02,R160,345586
2016-02,R188 - NEW,144751
2016-02,R32,38362
2016-02,R42,41027
2016-02,R46,101630
2016-02,R62,190050
2016-02,R62A,94755
2016-02,R68,122788
2016-02,R68A,123449
2016-01,FLEET,129056
2016-01,R142,150637
2016-01,R142A,59739
2016-01,R143,67420
2016-01,R160,360118
2016-01,R188 - NEW,137756
2016-01,R32,39134
2016-01,R42,34880
2016-01,R46,101040
2016-01,R62,184641
2016-01,R62A,94337
2016-01,R68,133897
2016-01,R68A,121808
2015-12,FLEET,131325
2015-12,R142,155577
2015-12,R142A,60216
2015-12,R143,66835
2015-12,R160,365267
2015-12,R188 - NEW,139087
2015-12,R32,40704
2015-12,R42,39934
2015-12,R46,102701
2015-12,R62,189960
2015-12,R62A,97719
2015-12,R68,129498
2015-12,R68A,124358
2015-11,FLEET,134916
2015-11,R142,154683
2015-11,R142A,64162
2015-11,R143,67467
2015-11,R160,373652
2015-11,R188 - NEW,128114
2015-11,R32,47382
2015-11,R42,43297
2015-11,R46,106747
2015-11,R62,199255
2015-11,R62A,97622
2015-11,R68,129936
2015-11,R68A,131382
2015-10,FLEET,135912
2015-10,R142,159664
2015-10,R142A,66142
2015-10,R143,66012
2015-10,R160,370543
2015-10,R188 - NEW,127038
2015-10,R32,48392
2015-10,R42,48774
2015-10,R46,109185
2015-10,R62,196021
2015-10,R62A,97423
2015-10,R68,130648
2015-10,R68A,118127
2015-09,FLEET,138495
2015-09,R142,161375
2015-09,R142A,68424
2015-09,R143,69332
2015-09,R160,378663
2015-09,R188 - NEW,129311
2015-09,R32,52418
2015-09,R42,55975
2015-09,R46,106217
2015-09,R62,191901
2015-09,R62A,102412
2015-09,R68,135299
2015-09,R68A,101104
2015-08,FLEET,141167
2015-08,R142,159357
2015-08,R142A,71525
2015-08,R143,72972
2015-08,R160,386678
2015-08,R188 - NEW,127232
2015-08,R32,54072
2015-08,R42,58420
2015-08,R46,106149
2015-08,R62,196480
2015-08,R62A,108329
2015-08,R68,136795
2015-08,R68A,101101
2015-07,FLEET,141719
2015-07,R142,157685
2015-07,R142A,76481
2015-07,R143,76204
2015-07,R160,381838
2015-07,R188 - NEW,120617
2015-07,R32,55402
2015-07,R42,54684
2015-07,R46,101263
2015-07,R62,202707
2015-07,R62A,112581
2015-07,R68,143243
2015-07,R68A,87259
2015-06,FLEET,143983
2015-06,R142,152238
2015-06,R142A,80985
2015-06,R143,83242
2015-06,R160,389131
2015-06,R188 - NEW,127949
2015-06,R32,55540
2015-06,R42,55699
2015-06,R46,100724
2015-06,R62,200700
2015-06,R62A,118541
2015-06,R68,145981
2015-06,R68A,85470
2015-05,FLEET,144395
2015-05,R142,154485
2015-05,R142A,82715
2015-05,R143,89140
2015-05,R160,397362
2015-05,R188 - NEW,143652
2015-05,R32,58101
2015-05,R42,53973
2015-05,R46,96435
2015-05,R62,184716
2015-05,R62A,115029
2015-05,R68,150795
2015-05,R68A,80590
2015-04,FLEET,142799
2015-04,R142,154921
2015-04,R142A,83409
2015-04,R143,91540
2015-04,R160,377858
2015-04,R188 - NEW,160144
2015-04,R32,59547
2015-04,R42,55119
2015-04,R46,91119
2015-04,R62,180525
2015-04,R62A,115613
2015-04,R68,151111
2015-04,R68A,78648
2015-03,FLEET,142179
2015-03,R142,159082
2015-03,R142A,81411
2015-03,R143,91156
2015-03,R160,373402
2015-03,R188 - CONVERSION,79858
2015-03,R188 - NEW,141537
2015-03,R32,57471
2015-03,R42,45067
2015-03,R46,88347
2015-03,R62,196546
2015-03,R62A,115034
2015-03,R68,149070
2015-03,R68A,81170
2015-02,FLEET,142422
2015-02,R142,151905
2015-02,R142A,79373
2015-02,R143,93211
2015-02,R160,375314
2015-02,R188 - NEW,144426
2015-02,R32,61192
2015-02,R42,42753
2015-02,R46,88877
2015-02,R62,201943
2015-02,R62A,117508
2015-02,R68,152624
2015-02,R68A,85175
2015-01,FLEET,143150
2015-01,R142,146801
2015-01,R142A,81594
2015-01,R143,87881
2015-01,R160,375347
2015-01,R188 - NEW,190156
2015-01,R32,59046
2015-01,R42,45981
2015-01,R46,90950
2015-01,R62,210332
2015-01,R62A,120874
2015-01,R68,153013
2015-01,R68A,86097
