ServiceDate,Agency,Branch / Line,OTP,AM Peak,PM Peak,OffPeak
1/1/2022,MNR,Harlem,0.982,,,
1/1/2022,MNR,Hudson,0.982,,,
1/1/2022,MNR,New Haven,0.98,,,
1/1/2022,MNR,System Total,0.981,,,
12/1/2021,MNR,Harlem,0.974,,,
12/1/2021,MNR,Hudson,0.978,,,
12/1/2021,MNR,New Haven,0.979,,,
12/1/2021,MNR,System Total,0.977,,,
11/1/2021,MNR,Harlem,0.932,,,
11/1/2021,MNR,Hudson,0.966,,,
11/1/2021,MNR,New Haven,0.95,,,
11/1/2021,MNR,System Total,0.948,,,
10/1/2021,LIRR,Babylon,0.995,,0.989,0.981
10/1/2021,LIRR,Far Rockaway,1,,1,0.989
10/1/2021,LIRR,Hempstead,0.993,,0.976,0.988
10/1/2021,LIRR,Huntington,0.983,,0.986,0.977
10/1/2021,LIRR,Long Beach,0.986,,0.982,0.98
10/1/2021,LIRR,Montauk,0.973,,0.964,0.943
10/1/2021,LIRR,Oyster Bay,0.962,,0.988,0.982
10/1/2021,LIRR,Port Jefferson,0.973,,0.986,0.954
10/1/2021,LIRR,Port Washington,0.974,,0.984,0.981
10/1/2021,LIRR,Ronkonkoma,0.979,,0.984,0.97
10/1/2021,LIRR,System Total,0.984,,0.986,0.976
10/1/2021,LIRR,West Hempstead,0.988,,1,0.993
10/1/2021,MNR,Harlem,0.968,,,
10/1/2021,MNR,Hudson,0.967,,,
10/1/2021,MNR,New Haven,0.964,,,
10/1/2021,MNR,System Total,0.966,,,
9/1/2021,LIRR,Babylon,0.952,,0.972,0.943
9/1/2021,LIRR,Far Rockaway,0.952,,1,0.976
9/1/2021,LIRR,Hempstead,0.973,,0.992,0.957
9/1/2021,LIRR,Huntington,0.918,,0.995,0.952
9/1/2021,LIRR,Long Beach,0.948,,0.988,0.966
9/1/2021,LIRR,Montauk,0.878,,0.945,0.904
9/1/2021,LIRR,Oyster Bay,0.962,,0.976,0.931
9/1/2021,LIRR,Port Jefferson,0.946,,0.986,0.931
9/1/2021,LIRR,Port Washington,0.921,,0.952,0.939
9/1/2021,LIRR,Ronkonkoma,0.938,,0.988,0.972
9/1/2021,LIRR,System Total,0.94,,0.979,0.949
9/1/2021,LIRR,West Hempstead,0.976,,0.981,0.983
9/1/2021,MNR,Harlem,0.941,,,
9/1/2021,MNR,Hudson,0.91,,,
9/1/2021,MNR,New Haven,0.969,,,
9/1/2021,MNR,System Total,0.947,,,
8/1/2021,LIRR,Babylon,0.99,,0.992,0.987
8/1/2021,LIRR,Far Rockaway,0.98,,1,0.982
8/1/2021,LIRR,Hempstead,0.968,,0.992,0.979
8/1/2021,LIRR,Huntington,0.946,,0.964,0.964
8/1/2021,LIRR,Long Beach,0.986,,1,0.981
8/1/2021,LIRR,Montauk,0.942,,0.947,0.92
8/1/2021,LIRR,Oyster Bay,0.936,,0.977,0.958
8/1/2021,LIRR,Port Jefferson,0.948,,0.981,0.937
8/1/2021,LIRR,Port Washington,0.96,,0.996,0.983
8/1/2021,LIRR,Ronkonkoma,0.926,,0.977,0.967
8/1/2021,LIRR,System Total,0.962,,0.984,0.97
8/1/2021,LIRR,West Hempstead,0.989,,0.982,0.989
8/1/2021,MNR,Harlem,0.984,,,
8/1/2021,MNR,Hudson,0.98,,,
8/1/2021,MNR,New Haven,0.983,,,
8/1/2021,MNR,System Total,0.983,,,
7/1/2021,LIRR,Babylon,0.982,,0.989,0.966
7/1/2021,LIRR,Far Rockaway,0.984,,0.993,0.983
7/1/2021,LIRR,Hempstead,0.993,,0.968,0.957
7/1/2021,LIRR,Huntington,0.974,,0.995,0.956
7/1/2021,LIRR,Long Beach,0.986,,0.988,0.974
7/1/2021,LIRR,Montauk,0.966,,0.936,0.922
7/1/2021,LIRR,Oyster Bay,0.952,,0.964,0.929
7/1/2021,LIRR,Port Jefferson,0.966,,0.884,0.914
7/1/2021,LIRR,Port Washington,0.958,,0.981,0.98
7/1/2021,LIRR,Ronkonkoma,0.97,,0.984,0.961
7/1/2021,LIRR,System Total,0.976,,0.974,0.96
7/1/2021,LIRR,West Hempstead,1,,0.971,0.991
7/1/2021,MNR,Harlem,0.975,,,
7/1/2021,MNR,Hudson,0.975,,,
7/1/2021,MNR,New Haven,0.954,,,
7/1/2021,MNR,System Total,0.966,,,
6/1/2021,LIRR,Babylon,0.904,,0.989,0.965
6/1/2021,LIRR,Far Rockaway,0.995,,1,0.983
6/1/2021,LIRR,Hempstead,0.981,,1,0.977
6/1/2021,LIRR,Huntington,0.971,,0.986,0.956
6/1/2021,LIRR,Long Beach,0.995,,0.994,0.979
6/1/2021,LIRR,Montauk,0.974,,0.956,0.895
6/1/2021,LIRR,Oyster Bay,0.973,,0.955,0.96
6/1/2021,LIRR,Port Jefferson,0.974,,0.968,0.926
6/1/2021,LIRR,Port Washington,0.939,,0.98,0.971
6/1/2021,LIRR,Ronkonkoma,0.96,,0.985,0.966
6/1/2021,LIRR,System Total,0.96,,0.984,0.962
6/1/2021,LIRR,West Hempstead,0.966,,0.991,0.993
6/1/2021,MNR,Harlem,0.967,,,
6/1/2021,MNR,Hudson,0.973,,,
6/1/2021,MNR,New Haven,0.973,,,
6/1/2021,MNR,System Total,0.971,,,
5/1/2021,LIRR,Babylon,0.995,,1,0.975
5/1/2021,LIRR,Far Rockaway,1,,1,0.983
5/1/2021,LIRR,Hempstead,0.993,,0.983,0.963
5/1/2021,LIRR,Huntington,0.918,,0.96,0.938
5/1/2021,LIRR,Long Beach,1,,0.981,0.962
5/1/2021,LIRR,Montauk,0.921,,0.98,0.942
5/1/2021,LIRR,Oyster Bay,0.98,,0.988,0.957
5/1/2021,LIRR,Port Jefferson,0.929,,0.943,0.915
5/1/2021,LIRR,Port Washington,0.883,,0.95,0.932
5/1/2021,LIRR,Ronkonkoma,0.916,,0.962,0.941
5/1/2021,LIRR,System Total,0.956,,0.976,0.956
5/1/2021,LIRR,West Hempstead,1,,1,0.991
5/1/2021,MNR,Harlem,0.988,,,
5/1/2021,MNR,Hudson,0.988,,,
5/1/2021,MNR,New Haven,0.969,,,
5/1/2021,MNR,System Total,0.98,,,
4/1/2021,LIRR,Babylon,0.995,,0.984,0.974
4/1/2021,LIRR,Far Rockaway,0.995,,0.981,0.977
4/1/2021,LIRR,Hempstead,0.987,,0.947,0.947
4/1/2021,LIRR,Huntington,0.979,,0.982,0.972
4/1/2021,LIRR,Long Beach,0.991,,1,0.976
4/1/2021,LIRR,Montauk,0.968,,0.955,0.927
4/1/2021,LIRR,Oyster Bay,0.991,,1,0.975
4/1/2021,LIRR,Port Jefferson,0.987,,0.935,0.953
4/1/2021,LIRR,Port Washington,0.899,,0.851,0.933
4/1/2021,LIRR,Ronkonkoma,0.991,,0.992,0.971
4/1/2021,LIRR,System Total,0.981,,0.964,0.963
4/1/2021,LIRR,West Hempstead,1,,1,0.983
4/1/2021,MNR,Harlem,0.986,,,
4/1/2021,MNR,Hudson,0.987,,,
4/1/2021,MNR,New Haven,0.962,,,
4/1/2021,MNR,System Total,0.976,,,
3/1/2021,LIRR,Babylon,0.981,,0.986,0.976
3/1/2021,LIRR,Far Rockaway,0.981,,0.991,0.98
3/1/2021,LIRR,Hempstead,0.974,,0.992,0.974
3/1/2021,LIRR,Huntington,0.921,,0.941,0.934
3/1/2021,LIRR,Long Beach,0.987,,0.978,0.969
3/1/2021,LIRR,Montauk,0.977,,0.96,0.937
3/1/2021,LIRR,Oyster Bay,0.953,,0.987,0.897
3/1/2021,LIRR,Port Jefferson,0.922,,0.931,0.914
3/1/2021,LIRR,Port Washington,0.872,,0.829,0.924
3/1/2021,LIRR,Ronkonkoma,0.922,,0.957,0.925
3/1/2021,LIRR,System Total,0.95,,0.953,0.95
3/1/2021,LIRR,West Hempstead,0.961,,0.988,0.996
3/1/2021,MNR,Harlem,0.993,,,
3/1/2021,MNR,Hudson,0.991,,,
3/1/2021,MNR,New Haven,0.978,,,
3/1/2021,MNR,System Total,0.986,,,
2/1/2021,LIRR,Babylon,0.957,,0.99,0.963
2/1/2021,LIRR,Far Rockaway,0.974,,1,0.973
2/1/2021,LIRR,Hempstead,0.95,,0.99,0.955
2/1/2021,LIRR,Huntington,0.925,,0.971,0.945
2/1/2021,LIRR,Long Beach,0.976,,0.985,0.961
2/1/2021,LIRR,Montauk,0.933,,0.988,0.927
2/1/2021,LIRR,Oyster Bay,0.929,,0.985,0.955
2/1/2021,LIRR,Port Jefferson,0.924,,0.958,0.932
2/1/2021,LIRR,Port Washington,0.967,,0.995,0.974
2/1/2021,LIRR,Ronkonkoma,0.941,,0.936,0.932
2/1/2021,LIRR,System Total,0.951,,0.977,0.955
2/1/2021,LIRR,West Hempstead,1,,0.953,0.966
2/1/2021,MNR,Harlem,0.992,,,
2/1/2021,MNR,Hudson,0.978,,,
2/1/2021,MNR,New Haven,0.971,,,
2/1/2021,MNR,System Total,0.979,,,
1/1/2021,LIRR,Babylon,0.924,,0.978,0.966
1/1/2021,LIRR,Far Rockaway,0.99,,0.994,0.982
1/1/2021,LIRR,Hempstead,0.994,,0.993,0.977
1/1/2021,LIRR,Huntington,0.977,,0.985,0.972
1/1/2021,LIRR,Long Beach,0.967,,0.995,0.981
1/1/2021,LIRR,Montauk,0.929,,0.96,0.951
1/1/2021,LIRR,Oyster Bay,0.983,,1,0.975
1/1/2021,LIRR,Port Jefferson,0.943,,0.964,0.955
1/1/2021,LIRR,Port Washington,0.973,,1,0.986
1/1/2021,LIRR,Ronkonkoma,0.959,,0.996,0.954
1/1/2021,LIRR,System Total,0.96,,0.987,0.972
1/1/2021,LIRR,West Hempstead,0.975,,0.98,0.991
1/1/2021,MNR,Harlem,0.993,,,
1/1/2021,MNR,Hudson,0.991,,,
1/1/2021,MNR,New Haven,0.97,,,
1/1/2021,MNR,System Total,0.982,,,
12/1/2020,LIRR,Babylon,0.978,,0.933,0.961
12/1/2020,LIRR,Far Rockaway,0.981,,0.958,0.979
12/1/2020,LIRR,Hempstead,0.958,,0.94,0.952
12/1/2020,LIRR,Huntington,0.976,,0.901,0.957
12/1/2020,LIRR,Long Beach,0.978,,0.967,0.974
12/1/2020,LIRR,Montauk,0.844,,0.943,0.95
12/1/2020,LIRR,Oyster Bay,0.984,,0.905,0.979
12/1/2020,LIRR,Port Jefferson,0.932,,0.912,0.92
12/1/2020,LIRR,Port Washington,0.972,,0.939,0.957
12/1/2020,LIRR,Ronkonkoma,0.958,,0.938,0.935
12/1/2020,LIRR,System Total,0.964,,0.934,0.958
12/1/2020,LIRR,West Hempstead,0.976,,0.943,0.978
12/1/2020,MNR,Harlem,0.987,,,
12/1/2020,MNR,Hudson,0.979,,,
12/1/2020,MNR,New Haven,0.971,,,
12/1/2020,MNR,System Total,0.978,,,
11/1/2020,LIRR,Babylon,0.896,,0.985,0.958
11/1/2020,LIRR,Far Rockaway,0.9,,1,0.982
11/1/2020,LIRR,Hempstead,0.956,,0.981,0.975
11/1/2020,LIRR,Huntington,0.929,,0.921,0.939
11/1/2020,LIRR,Long Beach,0.905,,1,0.968
11/1/2020,LIRR,Montauk,0.886,,0.95,0.949
11/1/2020,LIRR,Oyster Bay,0.908,,0.938,0.957
11/1/2020,LIRR,Port Jefferson,0.886,,0.914,0.898
11/1/2020,LIRR,Port Washington,0.944,,0.994,0.968
11/1/2020,LIRR,Ronkonkoma,0.869,,0.958,0.926
11/1/2020,LIRR,System Total,0.909,,0.971,0.956
11/1/2020,LIRR,West Hempstead,0.962,,0.99,0.989
11/1/2020,MNR,Harlem,0.975,,,
11/1/2020,MNR,Hudson,0.976,,,
11/1/2020,MNR,New Haven,0.964,,,
11/1/2020,MNR,System Total,0.97,,,
10/1/2020,LIRR,Babylon,0.945,,0.989,0.98
10/1/2020,LIRR,Far Rockaway,0.95,,1,0.994
10/1/2020,LIRR,Hempstead,0.96,,1,0.977
10/1/2020,LIRR,Huntington,0.916,,0.955,0.965
10/1/2020,LIRR,Long Beach,0.963,,0.995,0.979
10/1/2020,LIRR,Montauk,0.948,,0.982,0.949
10/1/2020,LIRR,Oyster Bay,0.977,,0.989,0.982
10/1/2020,LIRR,Port Jefferson,0.903,,0.974,0.95
10/1/2020,LIRR,Port Washington,0.987,,0.982,0.987
10/1/2020,LIRR,Ronkonkoma,0.898,,0.983,0.96
10/1/2020,LIRR,System Total,0.945,,0.984,0.975
10/1/2020,LIRR,West Hempstead,0.977,,1,0.993
10/1/2020,MNR,Harlem,0.981,,,
10/1/2020,MNR,Hudson,0.981,,,
10/1/2020,MNR,New Haven,0.983,,,
10/1/2020,MNR,System Total,0.982,,,
9/1/2020,LIRR,Babylon,0.971,,0.976,0.975
9/1/2020,LIRR,Far Rockaway,0.986,,0.995,0.99
9/1/2020,LIRR,Hempstead,0.968,,0.988,0.984
9/1/2020,LIRR,Huntington,0.952,,0.983,0.973
9/1/2020,LIRR,Long Beach,0.961,,0.995,0.984
9/1/2020,LIRR,Montauk,0.925,,0.933,0.946
9/1/2020,LIRR,Oyster Bay,0.976,,1,0.978
9/1/2020,LIRR,Port Jefferson,0.946,,0.986,0.963
9/1/2020,LIRR,Port Washington,1,,1,0.995
9/1/2020,LIRR,Ronkonkoma,0.923,,0.996,0.968
9/1/2020,LIRR,System Total,0.963,,0.987,0.978
9/1/2020,LIRR,West Hempstead,0.964,,0.99,0.998
9/1/2020,MNR,Harlem,0.984,,,
9/1/2020,MNR,Hudson,0.981,,,
9/1/2020,MNR,New Haven,0.988,,,
9/1/2020,MNR,System Total,0.985,,,
8/1/2020,LIRR,Babylon,0.944,,0.935,0.948
8/1/2020,LIRR,Far Rockaway,0.957,,0.937,0.974
8/1/2020,LIRR,Hempstead,0.963,,0.926,0.953
8/1/2020,LIRR,Huntington,0.922,,0.898,0.928
8/1/2020,LIRR,Long Beach,0.965,,0.943,0.95
8/1/2020,LIRR,Montauk,0.83,,0.881,0.884
8/1/2020,LIRR,Oyster Bay,0.952,,0.893,0.935
8/1/2020,LIRR,Port Jefferson,0.912,,0.837,0.904
8/1/2020,LIRR,Port Washington,0.965,,0.919,0.922
8/1/2020,LIRR,Ronkonkoma,0.872,,0.908,0.926
8/1/2020,LIRR,System Total,0.931,,0.916,0.937
8/1/2020,LIRR,West Hempstead,0.929,,0.952,0.971
8/1/2020,MNR,Harlem,0.956,,,
8/1/2020,MNR,Hudson,0.968,,,
8/1/2020,MNR,New Haven,0.95,,,
8/1/2020,MNR,System Total,0.956,,,
7/1/2020,LIRR,Babylon,0.986,,0.964,0.976
7/1/2020,LIRR,Far Rockaway,0.983,,0.971,0.971
7/1/2020,LIRR,Hempstead,0.976,,0.967,0.967
7/1/2020,LIRR,Huntington,0.966,,0.907,0.948
7/1/2020,LIRR,Long Beach,0.992,,0.943,0.979
7/1/2020,LIRR,Montauk,0.932,,0.936,0.929
7/1/2020,LIRR,Oyster Bay,0.957,,0.946,0.955
7/1/2020,LIRR,Port Jefferson,0.901,,0.901,0.94
7/1/2020,LIRR,Port Washington,0.961,,0.962,0.968
7/1/2020,LIRR,Ronkonkoma,0.951,,0.946,0.951
7/1/2020,LIRR,System Total,0.966,,0.949,0.949
7/1/2020,LIRR,West Hempstead,0.957,,0.974,0.974
7/1/2020,MNR,Harlem,0.978,,,
7/1/2020,MNR,Hudson,0.989,,,
7/1/2020,MNR,New Haven,0.984,,,
7/1/2020,MNR,System Total,0.983,,,
6/1/2020,LIRR,Babylon,0.983,,0.99,0.987
6/1/2020,LIRR,Far Rockaway,0.988,,0.993,0.989
6/1/2020,LIRR,Hempstead,1,,0.993,0.985
6/1/2020,LIRR,Huntington,0.983,,0.911,0.968
6/1/2020,LIRR,Long Beach,0.989,,0.988,0.986
6/1/2020,LIRR,Montauk,0.95,,0.951,0.94
6/1/2020,LIRR,Oyster Bay,0.99,,0.985,0.952
6/1/2020,LIRR,Port Jefferson,0.975,,0.877,0.962
6/1/2020,LIRR,Port Washington,1,,0.993,0.983
6/1/2020,LIRR,Ronkonkoma,0.978,,0.946,0.962
6/1/2020,LIRR,System Total,0.985,,0.969,0.975
6/1/2020,LIRR,West Hempstead,1,,1,0.98
6/1/2020,MNR,Harlem,0.968,,,
6/1/2020,MNR,Hudson,0.99,,,
6/1/2020,MNR,New Haven,0.985,,,
6/1/2020,MNR,System Total,0.981,,,
5/1/2020,LIRR,Babylon,0,,0,0.992
5/1/2020,LIRR,Far Rockaway,0,,0,0.996
5/1/2020,LIRR,Hempstead,0,,0,0.991
5/1/2020,LIRR,Huntington,0,,0,0.985
5/1/2020,LIRR,Long Beach,0,,0,0.991
5/1/2020,LIRR,Montauk,0,,0,0.974
5/1/2020,LIRR,Oyster Bay,0,,0,0.97
5/1/2020,LIRR,Port Jefferson,0,,0,0.985
5/1/2020,LIRR,Port Washington,0,,0,0.976
5/1/2020,LIRR,Ronkonkoma,0,,0,0.982
5/1/2020,LIRR,System Total,0,,0,0.985
5/1/2020,LIRR,West Hempstead,0,,0,0.988
5/1/2020,MNR,Harlem,0.988,,,
5/1/2020,MNR,Hudson,0.991,,,
5/1/2020,MNR,New Haven,0.993,,,
5/1/2020,MNR,System Total,0.991,,,
4/1/2020,LIRR,Babylon,0,,0,0.99
4/1/2020,LIRR,Far Rockaway,0,,0,0.99
4/1/2020,LIRR,Hempstead,0,,0,0.993
4/1/2020,LIRR,Huntington,0,,0,0.987
4/1/2020,LIRR,Long Beach,0,,0,0.969
4/1/2020,LIRR,Montauk,0,,0,0.985
4/1/2020,LIRR,Oyster Bay,0,,0,0.978
4/1/2020,LIRR,Port Jefferson,0,,0,0.966
4/1/2020,LIRR,Port Washington,0,,0,0.985
4/1/2020,LIRR,Ronkonkoma,0,,0,0.981
4/1/2020,LIRR,System Total,0,,0,0.983
4/1/2020,LIRR,West Hempstead,0,,0,0.932
4/1/2020,MNR,Harlem,0.987,,,
4/1/2020,MNR,Hudson,0.986,,,
4/1/2020,MNR,New Haven,0.986,,,
4/1/2020,MNR,System Total,0.986,,,
3/1/2020,LIRR,Babylon,0.888,,0.963,0.971
3/1/2020,LIRR,Far Rockaway,0.961,,0.988,0.984
3/1/2020,LIRR,Hempstead,0.958,,0.906,0.963
3/1/2020,LIRR,Huntington,0.926,,0.908,0.942
3/1/2020,LIRR,Long Beach,0.943,,0.914,0.953
3/1/2020,LIRR,Montauk,0.908,,0.971,0.965
3/1/2020,LIRR,Oyster Bay,0.962,,0.956,0.966
3/1/2020,LIRR,Port Jefferson,0.928,,0.895,0.913
3/1/2020,LIRR,Port Washington,0.95,,0.963,0.975
3/1/2020,LIRR,Ronkonkoma,0.889,,0.94,0.93
3/1/2020,LIRR,System Total,0.923,,0.945,0.96
3/1/2020,LIRR,West Hempstead,0.937,,0.965,0.988
3/1/2020,MNR,Harlem,0.987,,,
3/1/2020,MNR,Hudson,0.986,,,
3/1/2020,MNR,New Haven,0.984,,,
3/1/2020,MNR,System Total,0.985,,,
2/1/2020,LIRR,Babylon,0.954,,0.889,0.947
2/1/2020,LIRR,Far Rockaway,0.942,,0.953,0.979
2/1/2020,LIRR,Hempstead,0.932,,0.889,0.955
2/1/2020,LIRR,Huntington,0.919,,0.789,0.946
2/1/2020,LIRR,Long Beach,0.974,,0.904,0.961
2/1/2020,LIRR,Montauk,0.914,,0.898,0.925
2/1/2020,LIRR,Oyster Bay,0.91,,0.904,0.967
2/1/2020,LIRR,Port Jefferson,0.901,,0.857,0.924
2/1/2020,LIRR,Port Washington,0.933,,0.953,0.971
2/1/2020,LIRR,Ronkonkoma,0.903,,0.905,0.935
2/1/2020,LIRR,System Total,0.933,,0.898,0.953
2/1/2020,LIRR,West Hempstead,0.947,,0.956,0.974
2/1/2020,MNR,Harlem,0.967,,,
2/1/2020,MNR,Hudson,0.982,,,
2/1/2020,MNR,New Haven,0.972,,,
2/1/2020,MNR,System Total,0.973,,,
1/1/2020,LIRR,Babylon,0.931,,0.931,0.942
1/1/2020,LIRR,Far Rockaway,0.941,,0.96,0.965
1/1/2020,LIRR,Hempstead,0.95,,0.783,0.941
1/1/2020,LIRR,Huntington,0.918,,0.844,0.925
1/1/2020,LIRR,Long Beach,0.898,,0.942,0.914
1/1/2020,LIRR,Montauk,0.824,,0.975,0.918
1/1/2020,LIRR,Oyster Bay,0.916,,0.924,0.957
1/1/2020,LIRR,Port Jefferson,0.858,,0.864,0.868
1/1/2020,LIRR,Port Washington,0.949,,0.957,0.977
1/1/2020,LIRR,Ronkonkoma,0.883,,0.948,0.922
1/1/2020,LIRR,System Total,0.913,,0.92,0.939
1/1/2020,LIRR,West Hempstead,0.891,,0.947,0.978
1/1/2020,MNR,Harlem,0.978,,,
1/1/2020,MNR,Hudson,0.976,,,
1/1/2020,MNR,New Haven,0.97,,,
1/1/2020,MNR,System Total,0.974,,,
12/1/2019,LIRR,Babylon,0.917,0.896,0.903,0.926
12/1/2019,LIRR,Far Rockaway,0.961,0.931,0.968,0.965
12/1/2019,LIRR,Hempstead,0.913,0.895,0.915,0.916
12/1/2019,LIRR,Huntington,0.915,0.927,0.857,0.922
12/1/2019,LIRR,Long Beach,0.928,0.865,0.944,0.938
12/1/2019,LIRR,Montauk,0.93,0.851,0.907,0.944
12/1/2019,LIRR,Oyster Bay,0.945,0.932,0.96,0.945
12/1/2019,LIRR,Port Jefferson,0.895,0.899,0.891,0.896
12/1/2019,LIRR,Port Washington,0.94,0.915,0.895,0.952
12/1/2019,LIRR,Ronkonkoma,0.916,0.9,0.949,0.913
12/1/2019,LIRR,System Total,0.927,0.902,0.915,0.934
12/1/2019,LIRR,West Hempstead,0.962,0.905,0.952,0.974
11/1/2019,LIRR,Babylon,0.911,0.88,0.921,0.917
11/1/2019,LIRR,Far Rockaway,0.957,0.927,0.972,0.96
11/1/2019,LIRR,Hempstead,0.904,0.88,0.889,0.91
11/1/2019,LIRR,Huntington,0.868,0.873,0.854,0.869
11/1/2019,LIRR,Long Beach,0.932,0.912,0.923,0.938
11/1/2019,LIRR,Montauk,0.875,0.838,0.884,0.88
11/1/2019,LIRR,Oyster Bay,0.924,0.886,0.925,0.932
11/1/2019,LIRR,Port Jefferson,0.817,0.825,0.836,0.812
11/1/2019,LIRR,Port Washington,0.944,0.942,0.934,0.946
11/1/2019,LIRR,Ronkonkoma,0.886,0.824,0.917,0.895
11/1/2019,LIRR,System Total,0.907,0.88,0.912,0.912
11/1/2019,LIRR,West Hempstead,0.942,0.86,0.967,0.952
10/1/2019,LIRR,Babylon,0.926,0.937,0.93,0.922
10/1/2019,LIRR,Far Rockaway,0.972,0.937,0.981,0.978
10/1/2019,LIRR,Hempstead,0.923,0.926,0.908,0.925
10/1/2019,LIRR,Huntington,0.886,0.904,0.857,0.888
10/1/2019,LIRR,Long Beach,0.955,0.949,0.976,0.951
10/1/2019,LIRR,Montauk,0.851,0.902,0.82,0.848
10/1/2019,LIRR,Oyster Bay,0.909,0.969,0.891,0.898
10/1/2019,LIRR,Port Jefferson,0.845,0.837,0.845,0.846
10/1/2019,LIRR,Port Washington,0.939,0.93,0.934,0.942
10/1/2019,LIRR,Ronkonkoma,0.902,0.876,0.887,0.911
10/1/2019,LIRR,System Total,0.918,0.919,0.913,0.919
10/1/2019,LIRR,West Hempstead,0.966,0.93,0.957,0.976
9/1/2019,LIRR,Babylon,0.91,0.892,0.907,0.915
9/1/2019,LIRR,Far Rockaway,0.96,0.905,0.95,0.97
9/1/2019,LIRR,Hempstead,0.919,0.9,0.839,0.932
9/1/2019,LIRR,Huntington,0.863,0.873,0.825,0.869
9/1/2019,LIRR,Long Beach,0.935,0.888,0.923,0.946
9/1/2019,LIRR,Montauk,0.853,0.856,0.824,0.856
9/1/2019,LIRR,Oyster Bay,0.884,0.843,0.775,0.913
9/1/2019,LIRR,Port Jefferson,0.82,0.788,0.836,0.825
9/1/2019,LIRR,Port Washington,0.936,0.958,0.866,0.945
9/1/2019,LIRR,Ronkonkoma,0.881,0.845,0.88,0.89
9/1/2019,LIRR,System Total,0.905,0.884,0.876,0.914
9/1/2019,LIRR,West Hempstead,0.96,0.91,0.933,0.975
8/1/2019,LIRR,Babylon,0.927,0.959,0.884,0.927
8/1/2019,LIRR,Far Rockaway,0.975,0.955,0.995,0.976
8/1/2019,LIRR,Hempstead,0.939,0.977,0.955,0.929
8/1/2019,LIRR,Huntington,0.898,0.948,0.906,0.886
8/1/2019,LIRR,Long Beach,0.943,0.97,0.913,0.943
8/1/2019,LIRR,Montauk,0.85,0.943,0.793,0.845
8/1/2019,LIRR,Oyster Bay,0.942,0.955,0.894,0.948
8/1/2019,LIRR,Port Jefferson,0.909,0.949,0.916,0.896
8/1/2019,LIRR,Port Washington,0.92,0.937,0.9,0.921
8/1/2019,LIRR,Ronkonkoma,0.895,0.921,0.936,0.88
8/1/2019,LIRR,System Total,0.921,0.95,0.908,0.918
8/1/2019,LIRR,West Hempstead,0.972,0.945,0.917,0.99
7/1/2019,LIRR,Babylon,0.895,0.893,0.868,0.901
7/1/2019,LIRR,Far Rockaway,0.952,0.895,0.944,0.962
7/1/2019,LIRR,Hempstead,0.915,0.927,0.843,0.924
7/1/2019,LIRR,Huntington,0.874,0.903,0.795,0.883
7/1/2019,LIRR,Long Beach,0.935,0.928,0.955,0.932
7/1/2019,LIRR,Montauk,0.812,0.869,0.827,0.802
7/1/2019,LIRR,Oyster Bay,0.917,0.896,0.902,0.924
7/1/2019,LIRR,Port Jefferson,0.869,0.875,0.825,0.878
7/1/2019,LIRR,Port Washington,0.922,0.917,0.909,0.926
7/1/2019,LIRR,Ronkonkoma,0.869,0.878,0.876,0.866
7/1/2019,LIRR,System Total,0.899,0.898,0.878,0.903
7/1/2019,LIRR,West Hempstead,0.955,0.891,0.932,0.972
6/1/2019,LIRR,Babylon,0.927272727,0.922727273,0.921532847,0.929551353
6/1/2019,LIRR,Far Rockaway,0.963785047,0.904545455,0.966666667,0.973323171
6/1/2019,LIRR,Hempstead,0.923487544,0.9,0.933333333,0.925727412
6/1/2019,LIRR,Huntington,0.874234574,0.916666667,0.807142857,0.87815943
6/1/2019,LIRR,Long Beach,0.943678161,0.920833333,0.963636364,0.94453125
6/1/2019,LIRR,Montauk,0.862,0.9,0.844594595,0.860060514
6/1/2019,LIRR,Oyster Bay,0.912906611,0.9,0.833333333,0.929292929
6/1/2019,LIRR,Port Jefferson,0.857002938,0.88125,0.814285714,0.859916782
6/1/2019,LIRR,Port Washington,0.946156571,0.963888889,0.942105263,0.943831013
6/1/2019,LIRR,Ronkonkoma,0.870811287,0.876315789,0.86,0.871536524
6/1/2019,LIRR,System Total,0.914006104,0.912328767,0.899082569,0.916914929
6/1/2019,LIRR,West Hempstead,0.952564103,0.89,0.933333333,0.967857143
5/1/2019,LIRR,Babylon,0.957622869,0.979338843,0.919803601,0.960392305
5/1/2019,LIRR,Far Rockaway,0.97301855,0.96069869,0.984848485,0.973372781
5/1/2019,LIRR,Hempstead,0.942741469,0.968181818,0.883838384,0.947368421
5/1/2019,LIRR,Huntington,0.945533769,0.975757576,0.844067797,0.95748503
5/1/2019,LIRR,Long Beach,0.956790123,0.954545455,0.954545455,0.957680251
5/1/2019,LIRR,Montauk,0.90472973,0.965909091,0.900621118,0.895888014
5/1/2019,LIRR,Oyster Bay,0.958677686,0.993506494,0.909090909,0.960410557
5/1/2019,LIRR,Port Jefferson,0.901801802,0.9375,0.831168831,0.907692308
5/1/2019,LIRR,Port Washington,0.950321054,0.967171717,0.925925926,0.951807229
5/1/2019,LIRR,Ronkonkoma,0.945183394,0.935406699,0.896969697,0.956722447
5/1/2019,LIRR,System Total,0.948113869,0.963738668,0.910776767,0.951812728
5/1/2019,LIRR,West Hempstead,0.976885645,0.936363636,0.962121212,0.987931034
4/1/2019,LIRR,Babylon,0.957862282,0.955922865,0.948051948,0.960784314
4/1/2019,LIRR,Far Rockaway,0.973882763,0.931818182,0.98989899,0.978544061
4/1/2019,LIRR,Hempstead,0.943799633,0.95,0.97979798,0.93683347
4/1/2019,LIRR,Huntington,0.945504087,0.963636364,0.951048951,0.9407314
4/1/2019,LIRR,Long Beach,0.965156794,0.958333333,0.979338843,0.963815789
4/1/2019,LIRR,Montauk,0.919222139,0.892045455,0.955696203,0.918245264
4/1/2019,LIRR,Oyster Bay,0.94820296,0.961038961,0.909090909,0.953030303
4/1/2019,LIRR,Port Jefferson,0.93164794,0.943181818,0.954545455,0.924119241
4/1/2019,LIRR,Port Washington,0.955640936,0.96969697,0.972222222,0.949782714
4/1/2019,LIRR,Ronkonkoma,0.953498671,0.921052632,0.987878788,0.954966887
4/1/2019,LIRR,System Total,0.952669666,0.945454545,0.964813512,0.951872399
4/1/2019,LIRR,West Hempstead,0.968905473,0.881818182,0.984848485,0.982206406
3/1/2019,LIRR,Babylon,0.947341513,0.927849928,0.930272109,0.956290384
3/1/2019,LIRR,Far Rockaway,0.976013706,0.942857143,0.984126984,0.980029586
3/1/2019,LIRR,Hempstead,0.943236715,0.942857143,0.904761905,0.949085123
3/1/2019,LIRR,Huntington,0.934906073,0.933333333,0.897435897,0.941211052
3/1/2019,LIRR,Long Beach,0.959265634,0.956349206,0.965367965,0.958730159
3/1/2019,LIRR,Montauk,0.918265814,0.875,0.934210526,0.922723091
3/1/2019,LIRR,Oyster Bay,0.961256545,0.93877551,0.936507937,0.970674487
3/1/2019,LIRR,Port Jefferson,0.89899909,0.892857143,0.891156463,0.901785714
3/1/2019,LIRR,Port Washington,0.955525145,0.976190476,0.91005291,0.95985233
3/1/2019,LIRR,Ronkonkoma,0.936675462,0.887218045,0.955555556,0.945512821
3/1/2019,LIRR,System Total,0.946296474,0.929064039,0.93220339,0.952320871
3/1/2019,LIRR,West Hempstead,0.976514215,0.923809524,0.968253968,0.987889273
2/1/2019,LIRR,Babylon,0.927721088,0.910685805,0.843984962,0.951034192
2/1/2019,LIRR,Far Rockaway,0.961514196,0.884210526,0.959064327,0.973856209
2/1/2019,LIRR,Hempstead,0.947930574,0.915789474,0.883040936,0.963060686
2/1/2019,LIRR,Huntington,0.871657754,0.838596491,0.773279352,0.893770492
2/1/2019,LIRR,Long Beach,0.95047619,0.907894737,0.942583732,0.960456942
2/1/2019,LIRR,Montauk,0.917685412,0.861842105,0.883211679,0.931769723
2/1/2019,LIRR,Oyster Bay,0.937427578,0.894736842,0.885964912,0.956168831
2/1/2019,LIRR,Port Jefferson,0.897280967,0.848684211,0.84962406,0.916666667
2/1/2019,LIRR,Port Washington,0.924271109,0.880116959,0.915204678,0.933571794
2/1/2019,LIRR,Ronkonkoma,0.87278814,0.822714681,0.863157895,0.887197232
2/1/2019,LIRR,System Total,0.920755721,0.877676951,0.878207739,0.93718704
2/1/2019,LIRR,West Hempstead,0.959016393,0.863157895,0.964912281,0.975143403
1/1/2019,LIRR,Babylon,0.92726812,0.886583679,0.909243697,0.942541857
1/1/2019,LIRR,Far Rockaway,0.966178129,0.883408072,0.96969697,0.979305248
1/1/2019,LIRR,Hempstead,0.93361244,0.913636364,0.838383838,0.95215311
1/1/2019,LIRR,Huntington,0.904469763,0.809090909,0.885813149,0.926638605
1/1/2019,LIRR,Long Beach,0.950141643,0.901515152,0.950413223,0.960285941
1/1/2019,LIRR,Montauk,0.912889518,0.789772727,0.892405063,0.935992579
1/1/2019,LIRR,Oyster Bay,0.919421488,0.844155844,0.893939394,0.941348974
1/1/2019,LIRR,Port Jefferson,0.867821331,0.801136364,0.857142857,0.885267275
1/1/2019,LIRR,Port Washington,0.940695297,0.898989899,0.937343358,0.949041608
1/1/2019,LIRR,Ronkonkoma,0.906143345,0.775903614,0.948484848,0.931207004
1/1/2019,LIRR,System Total,0.927055577,0.856918732,0.915104351,0.944207439
1/1/2019,LIRR,West Hempstead,0.964720195,0.9,0.939393939,0.982758621
12/1/2018,LIRR,Babylon,0.92695017,0.915625,0.912962963,0.932529212
12/1/2018,LIRR,Far Rockaway,0.966515323,0.890909091,0.966666667,0.978707783
12/1/2018,LIRR,Hempstead,0.964133739,0.945,0.944444444,0.969960474
12/1/2018,LIRR,Huntington,0.914150129,0.886666667,0.835714286,0.931530495
12/1/2018,LIRR,Long Beach,0.950110865,0.933333333,0.963636364,0.950892857
12/1/2018,LIRR,Montauk,0.942018611,0.8875,0.909722222,0.954254346
12/1/2018,LIRR,Oyster Bay,0.930997877,0.864285714,0.875,0.954545455
12/1/2018,LIRR,Port Jefferson,0.884297521,0.825,0.835714286,0.904942966
12/1/2018,LIRR,Port Washington,0.934872502,0.877777778,0.936842105,0.944033302
12/1/2018,LIRR,Ronkonkoma,0.923282783,0.844444444,0.97,0.932364096
12/1/2018,LIRR,System Total,0.934690334,0.891319444,0.920122888,0.945369885
12/1/2018,LIRR,West Hempstead,0.957393484,0.91,0.941666667,0.968858131
11/1/2018,LIRR,Babylon,0.844432745,0.842261905,0.813051146,0.851953125
11/1/2018,LIRR,Far Rockaway,0.912189486,0.813852814,0.899470899,0.931350114
11/1/2018,LIRR,Hempstead,0.902167183,0.880952381,0.835978836,0.916118421
11/1/2018,LIRR,Huntington,0.852927616,0.838095238,0.765306122,0.872435897
11/1/2018,LIRR,Long Beach,0.888694639,0.873015873,0.883116883,0.892944039
11/1/2018,LIRR,Montauk,0.858181818,0.81547619,0.725490196,0.884250474
11/1/2018,LIRR,Oyster Bay,0.832797428,0.816326531,0.698412698,0.862121212
11/1/2018,LIRR,Port Jefferson,0.799623706,0.833333333,0.741496599,0.803475936
11/1/2018,LIRR,Port Washington,0.889005971,0.883597884,0.837092732,0.9
11/1/2018,LIRR,Ronkonkoma,0.867166814,0.812169312,0.825396825,0.888747616
11/1/2018,LIRR,System Total,0.86865951,0.844246032,0.814692982,0.883885604
11/1/2018,LIRR,West Hempstead,0.90530303,0.876190476,0.865079365,0.919786096
10/1/2018,LIRR,Babylon,0.936074204,0.936141304,0.917874396,0.940349544
10/1/2018,LIRR,Far Rockaway,0.958471761,0.909090909,0.937198068,0.97102526
10/1/2018,LIRR,Hempstead,0.958190149,0.943478261,0.917874396,0.967150497
10/1/2018,LIRR,Huntington,0.922613929,0.915942029,0.878881988,0.932489451
10/1/2018,LIRR,Long Beach,0.942857143,0.945652174,0.913043478,0.948248408
10/1/2018,LIRR,Montauk,0.923741007,0.875,0.873493976,0.940384615
10/1/2018,LIRR,Oyster Bay,0.921775899,0.888198758,0.804347826,0.955177743
10/1/2018,LIRR,Port Jefferson,0.885488648,0.869565217,0.863354037,0.895209581
10/1/2018,LIRR,Port Washington,0.932818273,0.874396135,0.965675057,0.937441204
10/1/2018,LIRR,Ronkonkoma,0.904080774,0.871980676,0.907246377,0.911619283
10/1/2018,LIRR,System Total,0.931945821,0.909118357,0.90951586,0.941540116
10/1/2018,LIRR,West Hempstead,0.960431655,0.965217391,0.913043478,0.970740103
9/1/2018,LIRR,Babylon,0.917573449,0.921052632,0.955165692,0.909197652
9/1/2018,LIRR,Far Rockaway,0.965741288,0.889952153,0.994152047,0.974105103
9/1/2018,LIRR,Hempstead,0.963280294,0.947368421,0.947368421,0.967792616
9/1/2018,LIRR,Huntington,0.916959578,0.884210526,0.909774436,0.923478261
9/1/2018,LIRR,Long Beach,0.937866354,0.899122807,0.961538462,0.940944882
9/1/2018,LIRR,Montauk,0.904458599,0.888157895,0.872340426,0.910714286
9/1/2018,LIRR,Oyster Bay,0.936052922,0.909774436,0.903508772,0.946969697
9/1/2018,LIRR,Port Jefferson,0.910784314,0.901315789,0.902255639,0.914285714
9/1/2018,LIRR,Port Washington,0.908508366,0.891812865,0.900277008,0.912630579
9/1/2018,LIRR,Ronkonkoma,0.882568807,0.833333333,0.859649123,0.897617514
9/1/2018,LIRR,System Total,0.923613186,0.896564327,0.923698022,0.928576232
9/1/2018,LIRR,West Hempstead,0.97265625,0.915789474,0.947368421,0.987477639
8/1/2018,LIRR,Babylon,0.877342419,0.869565217,0.833333333,0.890207715
8/1/2018,LIRR,Far Rockaway,0.952380952,0.909090909,0.927536232,0.964338782
8/1/2018,LIRR,Hempstead,0.922894425,0.869565217,0.913043478,0.934347478
8/1/2018,LIRR,Huntington,0.862113402,0.88115942,0.795031056,0.871161951
8/1/2018,LIRR,Long Beach,0.916530278,0.934782609,0.849802372,0.925613497
8/1/2018,LIRR,Montauk,0.833667335,0.831521739,0.783625731,0.84150613
8/1/2018,LIRR,Oyster Bay,0.900101937,0.869565217,0.789855072,0.929618768
8/1/2018,LIRR,Port Jefferson,0.888372093,0.869565217,0.782608696,0.916438356
8/1/2018,LIRR,Port Washington,0.837588652,0.864450128,0.724035608,0.850860421
8/1/2018,LIRR,Ronkonkoma,0.777685262,0.784897025,0.777448071,0.775798526
8/1/2018,LIRR,System Total,0.87370736,0.867166417,0.817094017,0.886109457
8/1/2018,LIRR,West Hempstead,0.944844125,0.92173913,0.855072464,0.970740103
7/1/2018,LIRR,Babylon,0.878226009,0.842485549,0.85451505,0.892632358
7/1/2018,LIRR,Far Rockaway,0.9524618,0.83982684,0.957671958,0.971046771
7/1/2018,LIRR,Hempstead,0.934474616,0.89047619,0.941798942,0.940540541
7/1/2018,LIRR,Huntington,0.874140893,0.831746032,0.875,0.881708021
7/1/2018,LIRR,Long Beach,0.913641364,0.900793651,0.9004329,0.91835206
7/1/2018,LIRR,Montauk,0.840347361,0.81547619,0.826923077,0.8456948
7/1/2018,LIRR,Oyster Bay,0.913089005,0.897959184,0.80952381,0.935483871
7/1/2018,LIRR,Port Jefferson,0.882296651,0.821428571,0.863945578,0.9
7/1/2018,LIRR,Port Washington,0.885037142,0.892183288,0.776536313,0.902287893
7/1/2018,LIRR,Ronkonkoma,0.828778822,0.789473684,0.904761905,0.823710074
7/1/2018,LIRR,System Total,0.889105058,0.850228908,0.867771639,0.900660088
7/1/2018,LIRR,West Hempstead,0.956790123,0.895238095,0.888888889,0.982728843
6/1/2018,LIRR,Babylon,0.930747201,0.939882698,0.922558923,0.930214425
6/1/2018,LIRR,Far Rockaway,0.968568102,0.911894273,0.973404255,0.977743668
6/1/2018,LIRR,Hempstead,0.938534279,0.957142857,0.946808511,0.93431221
6/1/2018,LIRR,Huntington,0.892907468,0.909967846,0.892193309,0.889606198
6/1/2018,LIRR,Long Beach,0.949971248,0.935742972,0.952173913,0.952380952
6/1/2018,LIRR,Montauk,0.856357388,0.872727273,0.828947368,0.857644991
6/1/2018,LIRR,Oyster Bay,0.917748918,0.923611111,0.848,0.929770992
6/1/2018,LIRR,Port Jefferson,0.935515873,0.951807229,0.896551724,0.93974175
6/1/2018,LIRR,Port Washington,0.920860686,0.951612903,0.880319149,0.922768305
6/1/2018,LIRR,Ronkonkoma,0.882664314,0.890585242,0.933333333,0.870429763
6/1/2018,LIRR,System Total,0.921108427,0.924909031,0.913525499,0.921728972
6/1/2018,LIRR,West Hempstead,0.963446475,0.884615385,0.943548387,0.983271375
5/1/2018,LIRR,Babylon,0.926433915,0.907713499,0.924050633,0.932126697
5/1/2018,LIRR,Far Rockaway,0.942522321,0.892561983,0.994949495,0.943786982
5/1/2018,LIRR,Hempstead,0.9421631,0.959090909,0.949494949,0.938215103
5/1/2018,LIRR,Huntington,0.906220984,0.878787879,0.91958042,0.909622887
5/1/2018,LIRR,Long Beach,0.941077441,0.924242424,0.97107438,0.938871473
5/1/2018,LIRR,Montauk,0.914046122,0.914772727,0.884353741,0.917870036
5/1/2018,LIRR,Oyster Bay,0.895661157,0.922077922,0.787878788,0.910557185
5/1/2018,LIRR,Port Jefferson,0.898400753,0.931818182,0.888888889,0.892370572
5/1/2018,LIRR,Port Washington,0.935273973,0.902439024,0.926767677,0.943235572
5/1/2018,LIRR,Ronkonkoma,0.886824324,0.88277512,0.945454545,0.875925926
5/1/2018,LIRR,System Total,0.922597526,0.907935524,0.927266339,0.924872893
5/1/2018,LIRR,West Hempstead,0.95890411,0.936363636,0.931818182,0.96969697
4/1/2018,LIRR,Babylon,0.932411674,0.948051948,0.914614122,0.954652997
4/1/2018,LIRR,Far Rockaway,0.95952381,0.952380952,0.968253968,0.973200613
4/1/2018,LIRR,Hempstead,0.944547135,0.952380952,0.883597884,0.952614379
4/1/2018,LIRR,Huntington,0.925012582,0.93968254,0.941391941,0.918513224
4/1/2018,LIRR,Long Beach,0.951205173,0.952380952,0.930735931,0.954844007
4/1/2018,LIRR,Montauk,0.946975355,0.928571429,0.923076923,0.952929875
4/1/2018,LIRR,Oyster Bay,0.932475884,0.93877551,0.888888889,0.939393939
4/1/2018,LIRR,Port Jefferson,0.90560472,0.892857143,0.891156463,0.911680912
4/1/2018,LIRR,Port Washington,0.931047476,0.952380952,0.902116402,0.932338839
4/1/2018,LIRR,Ronkonkoma,0.92079646,0.912280702,0.965079365,0.913971539
4/1/2018,LIRR,System Total,0.939607448,0.937479754,0.924437892,0.942999289
4/1/2018,LIRR,West Hempstead,0.960858586,0.885714286,0.96031746,0.975044563
3/1/2018,LIRR,Babylon,0.878551672,0.88292011,0.786833856,0.9
3/1/2018,LIRR,Far Rockaway,0.938023451,0.896694215,0.909090909,0.95
3/1/2018,LIRR,Hempstead,0.880980861,0.854545455,0.772727273,0.903
3/1/2018,LIRR,Huntington,0.863796134,0.878787879,0.776223776,0.876
3/1/2018,LIRR,Long Beach,0.919592299,0.912878788,0.863636364,0.932
3/1/2018,LIRR,Montauk,0.904208999,0.846590909,0.839416058,0.922
3/1/2018,LIRR,Oyster Bay,0.850206612,0.915584416,0.674242424,0.87
3/1/2018,LIRR,Port Jefferson,0.834545455,0.869318182,0.746753247,0.844
3/1/2018,LIRR,Port Washington,0.880068729,0.971291866,0.863636364,0.865
3/1/2018,LIRR,Ronkonkoma,0.83820841,0.837320574,0.815151515,0.844
3/1/2018,LIRR,System Total,0.880710173,0.88899196,0.81146676,0.892
3/1/2018,LIRR,West Hempstead,0.902948403,0.9,0.840909091,0.918
2/1/2018,LIRR,Babylon,0.93177333,0.936204147,0.845735027,0.951
2/1/2018,LIRR,Far Rockaway,0.963008631,0.942583732,0.935672515,0.97
2/1/2018,LIRR,Hempstead,0.926568758,0.915789474,0.859649123,0.938
2/1/2018,LIRR,Huntington,0.917895772,0.943859649,0.813765182,0.93
2/1/2018,LIRR,Long Beach,0.942857143,0.894736842,0.918660287,0.957
2/1/2018,LIRR,Montauk,0.939825812,0.973684211,0.873134328,0.944
2/1/2018,LIRR,Oyster Bay,0.933951333,0.992481203,0.789473684,0.948
2/1/2018,LIRR,Port Jefferson,0.889908257,0.914473684,0.834586466,0.895
2/1/2018,LIRR,Port Washington,0.954236006,0.973913043,0.929824561,0.955
2/1/2018,LIRR,Ronkonkoma,0.903051181,0.91966759,0.814035088,0.917
2/1/2018,LIRR,System Total,0.93230802,0.936622254,0.864427357,0.944
2/1/2018,LIRR,West Hempstead,0.93989071,0.873684211,0.894736842,0.962
1/1/2018,LIRR,Babylon,0.810283688,0.722786647,0.719008264,0.854
1/1/2018,LIRR,Far Rockaway,0.885393258,0.744588745,0.835978836,0.916
1/1/2018,LIRR,Hempstead,0.846803378,0.714285714,0.777777778,0.879
1/1/2018,LIRR,Huntington,0.84118896,0.742857143,0.696750903,0.881
1/1/2018,LIRR,Long Beach,0.851490826,0.726190476,0.770562771,0.891
1/1/2018,LIRR,Montauk,0.822775801,0.797619048,0.675496689,0.847
1/1/2018,LIRR,Oyster Bay,0.847120419,0.802721088,0.682539683,0.887
1/1/2018,LIRR,Port Jefferson,0.83030853,0.755952381,0.727891156,0.865
1/1/2018,LIRR,Port Washington,0.876833845,0.80952381,0.756544503,0.91
1/1/2018,LIRR,Ronkonkoma,0.788990826,0.675949367,0.761904762,0.828
1/1/2018,LIRR,System Total,0.839443133,0.739372139,0.740321402,0.878
1/1/2018,LIRR,West Hempstead,0.860493827,0.685714286,0.73015873,0.921
12/1/2017,LIRR,Babylon,0.879489849,0.84375,0.841071429,0.896
12/1/2017,LIRR,Far Rockaway,0.963026166,0.927272727,0.955555556,0.97
12/1/2017,LIRR,Hempstead,0.927615572,0.905,0.9,0.935
12/1/2017,LIRR,Huntington,0.894602635,0.856666667,0.835714286,0.91
12/1/2017,LIRR,Long Beach,0.927302997,0.891666667,0.927272727,0.934
12/1/2017,LIRR,Montauk,0.839170836,0.84375,0.793103448,0.845
12/1/2017,LIRR,Oyster Bay,0.889596603,0.885714286,0.791666667,0.908
12/1/2017,LIRR,Port Jefferson,0.854912764,0.80625,0.842857143,0.867
12/1/2017,LIRR,Port Washington,0.917959324,0.919444444,0.871052632,0.926
12/1/2017,LIRR,Ronkonkoma,0.853107345,0.822222222,0.886287625,0.854
12/1/2017,LIRR,System Total,0.89721062,0.867708333,0.865472561,0.908
12/1/2017,LIRR,West Hempstead,0.934837093,0.88,0.866666667,0.958
11/1/2017,LIRR,Babylon,0.919706042,0.930059524,0.894557823,0.923
11/1/2017,LIRR,Far Rockaway,0.959560947,0.939393939,0.947089947,0.965
11/1/2017,LIRR,Hempstead,0.939900867,0.938095238,0.91005291,0.945
11/1/2017,LIRR,Huntington,0.876235294,0.907936508,0.789115646,0.887
11/1/2017,LIRR,Long Beach,0.951077461,0.96031746,0.930735931,0.953
11/1/2017,LIRR,Montauk,0.886627907,0.80952381,0.881578947,0.9
11/1/2017,LIRR,Oyster Bay,0.912111468,0.931972789,0.80952381,0.927
11/1/2017,LIRR,Port Jefferson,0.878025169,0.892857143,0.816326531,0.887
11/1/2017,LIRR,Port Washington,0.931882022,0.912698413,0.94235589,0.933
11/1/2017,LIRR,Ronkonkoma,0.877963126,0.894179894,0.86031746,0.878
11/1/2017,LIRR,System Total,0.916356046,0.915674603,0.884978229,0.923
11/1/2017,LIRR,West Hempstead,0.952020202,0.914285714,0.888888889,0.973
10/1/2017,LIRR,Babylon,0.931207169,0.9375,0.943181818,0.926
10/1/2017,LIRR,Far Rockaway,0.968174204,0.950413223,0.949494949,0.974
10/1/2017,LIRR,Hempstead,0.960806916,0.986363636,0.939393939,0.96
10/1/2017,LIRR,Huntington,0.931444241,0.960606061,0.928571429,0.926
10/1/2017,LIRR,Long Beach,0.964285714,0.96969697,0.933884298,0.969
10/1/2017,LIRR,Montauk,0.908707865,0.886363636,0.893081761,0.915
10/1/2017,LIRR,Oyster Bay,0.919551935,0.922077922,0.893939394,0.924
10/1/2017,LIRR,Port Jefferson,0.926136364,0.926136364,0.948051948,0.921
10/1/2017,LIRR,Port Washington,0.950508475,0.916666667,0.944976077,0.958
10/1/2017,LIRR,Ronkonkoma,0.914440735,0.856060606,0.951515152,0.921
10/1/2017,LIRR,System Total,0.939045979,0.928977273,0.934187738,0.942
10/1/2017,LIRR,West Hempstead,0.954933009,0.909090909,0.871212121,0.983
9/1/2017,LIRR,Babylon,0.930533118,0.9625,0.8994614,0.929
9/1/2017,LIRR,Far Rockaway,0.96966161,0.963636364,0.988888889,0.968
9/1/2017,LIRR,Hempstead,0.956257594,0.945273632,0.933701657,0.961
9/1/2017,LIRR,Huntington,0.932862191,0.956521739,0.896057348,0.935
9/1/2017,LIRR,Long Beach,0.950500884,0.958506224,0.954545455,0.948
9/1/2017,LIRR,Montauk,0.903021785,0.925,0.853333333,0.907
9/1/2017,LIRR,Oyster Bay,0.956521739,0.964285714,0.9,0.965
9/1/2017,LIRR,Port Jefferson,0.947214076,0.93125,0.957142857,0.949
9/1/2017,LIRR,Port Washington,0.926304654,0.95,0.904761905,0.926
9/1/2017,LIRR,Ronkonkoma,0.908403735,0.936464088,0.95,0.894
9/1/2017,LIRR,System Total,0.936297247,0.951786334,0.920380952,0.936
9/1/2017,LIRR,West Hempstead,0.966666667,0.96,0.925,0.977
8/1/2017,LIRR,Babylon,0.934830906,0.986413043,0.877697842,0.933
8/1/2017,LIRR,Far Rockaway,0.973253275,0.948616601,0.975845411,0.977
8/1/2017,LIRR,Hempstead,0.965476887,0.980237154,0.965217391,0.962
8/1/2017,LIRR,Huntington,0.947368421,0.944099379,0.919732441,0.953
8/1/2017,LIRR,Long Beach,0.962430939,0.986622074,0.948616601,0.959
8/1/2017,LIRR,Montauk,0.881926121,0.945652174,0.89119171,0.87
8/1/2017,LIRR,Oyster Bay,0.963302752,0.937888199,0.927536232,0.977
8/1/2017,LIRR,Port Jefferson,0.942908118,0.885869565,0.944099379,0.956
8/1/2017,LIRR,Port Washington,0.902843602,0.951690821,0.828644501,0.907
8/1/2017,LIRR,Ronkonkoma,0.925090616,0.941304348,0.933333333,0.919
8/1/2017,LIRR,System Total,0.937879561,0.955338657,0.912744761,0.939
8/1/2017,LIRR,West Hempstead,0.966426859,0.886956522,0.956521739,0.985
7/1/2017,LIRR,Babylon,0.926923077,0.9515625,0.890219561,0.928
7/1/2017,LIRR,Far Rockaway,0.959841629,0.918181818,0.966666667,0.966
7/1/2017,LIRR,Hempstead,0.954518606,0.976851852,0.882653061,0.962
7/1/2017,LIRR,Huntington,0.936336076,0.964788732,0.893939394,0.938
7/1/2017,LIRR,Long Beach,0.939616253,0.9140625,0.936363636,0.945
7/1/2017,LIRR,Montauk,0.858753316,0.9375,0.890243902,0.844
7/1/2017,LIRR,Oyster Bay,0.946921444,0.957142857,0.916666667,0.95
7/1/2017,LIRR,Port Jefferson,0.928308824,0.90625,0.907142857,0.937
7/1/2017,LIRR,Port Washington,0.937847222,0.913888889,0.896551724,0.948
7/1/2017,LIRR,Ronkonkoma,0.913263158,0.93622449,0.903333333,0.91
7/1/2017,LIRR,System Total,0.930775448,0.93442623,0.905209557,0.934
7/1/2017,LIRR,West Hempstead,0.946115288,0.81,0.916666667,0.976
6/1/2017,LIRR,Babylon,0.881850176,0.911931818,0.818035427,0.889
6/1/2017,LIRR,Far Rockaway,0.951884058,0.859504132,0.97979798,0.965
6/1/2017,LIRR,Hempstead,0.915501166,0.927272727,0.868686869,0.921
6/1/2017,LIRR,Huntington,0.865956502,0.896969697,0.756493506,0.88
6/1/2017,LIRR,Long Beach,0.91722973,0.893939394,0.896694215,0.926
6/1/2017,LIRR,Montauk,0.851621808,0.829545455,0.792682927,0.864
6/1/2017,LIRR,Oyster Bay,0.905919662,0.941558442,0.810606061,0.917
6/1/2017,LIRR,Port Jefferson,0.912118409,0.886363636,0.875816993,0.926
6/1/2017,LIRR,Port Washington,0.867152272,0.856060606,0.76076555,0.891
6/1/2017,LIRR,Ronkonkoma,0.859693878,0.851010101,0.887878788,0.856
6/1/2017,LIRR,System Total,0.890330582,0.887626263,0.835635359,0.902
6/1/2017,LIRR,West Hempstead,0.950248756,0.936363636,0.863636364,0.973
5/1/2017,LIRR,Babylon,0.875031431,0.913352273,0.782820097,0.886
5/1/2017,LIRR,Far Rockaway,0.949152542,0.876033058,0.934343434,0.965
5/1/2017,LIRR,Hempstead,0.937066975,0.940909091,0.808080808,0.956
5/1/2017,LIRR,Huntington,0.879502573,0.887878788,0.733766234,0.904
5/1/2017,LIRR,Long Beach,0.91694725,0.935606061,0.847107438,0.926
5/1/2017,LIRR,Montauk,0.889736477,0.914772727,0.836477987,0.893
5/1/2017,LIRR,Oyster Bay,0.89445629,0.922077922,0.71969697,0.923
5/1/2017,LIRR,Port Jefferson,0.887285843,0.880681818,0.803921569,0.905
5/1/2017,LIRR,Port Washington,0.845945946,0.805555556,0.667464115,0.888
5/1/2017,LIRR,Ronkonkoma,0.857561793,0.840909091,0.845454545,0.864
5/1/2017,LIRR,System Total,0.889511082,0.888888889,0.790093523,0.909
5/1/2017,LIRR,West Hempstead,0.946472019,0.945454545,0.856060606,0.967
4/1/2017,LIRR,Babylon,0.853619303,0.9109375,0.726785714,0.867
4/1/2017,LIRR,Far Rockaway,0.945035461,0.904545455,0.838888889,0.967
4/1/2017,LIRR,Hempstead,0.936606588,0.97,0.738888889,0.96
4/1/2017,LIRR,Huntington,0.889134276,0.883333333,0.707142857,0.92
4/1/2017,LIRR,Long Beach,0.93452381,0.916666667,0.827272727,0.957
4/1/2017,LIRR,Montauk,0.919259259,0.94375,0.902777778,0.918
4/1/2017,LIRR,Oyster Bay,0.905681818,0.935714286,0.675,0.944
4/1/2017,LIRR,Port Jefferson,0.913207547,0.91875,0.828571429,0.928
4/1/2017,LIRR,Port Washington,0.897209467,0.883333333,0.684210526,0.938
4/1/2017,LIRR,Ronkonkoma,0.892273731,0.858333333,0.903333333,0.898
4/1/2017,LIRR,System Total,0.902566398,0.907291667,0.774390244,0.925
4/1/2017,LIRR,West Hempstead,0.948993289,0.96,0.858333333,0.968
3/1/2017,LIRR,Babylon,0.907799651,0.930800543,0.827639752,0.921
3/1/2017,LIRR,Far Rockaway,0.958053691,0.928853755,0.93236715,0.968
3/1/2017,LIRR,Hempstead,0.929418743,0.92173913,0.845410628,0.945
3/1/2017,LIRR,Huntington,0.877682403,0.895953757,0.732919255,0.902
3/1/2017,LIRR,Long Beach,0.922128852,0.938405797,0.830039526,0.937
3/1/2017,LIRR,Montauk,0.911079746,0.956521739,0.873493976,0.909
3/1/2017,LIRR,Oyster Bay,0.887353879,0.906832298,0.782608696,0.905
3/1/2017,LIRR,Port Jefferson,0.869955157,0.902173913,0.807453416,0.875
3/1/2017,LIRR,Port Washington,0.915379449,0.903381643,0.864988558,0.928
3/1/2017,LIRR,Ronkonkoma,0.887096774,0.888888889,0.875362319,0.889
3/1/2017,LIRR,System Total,0.90917625,0.917320459,0.837640822,0.922
3/1/2017,LIRR,West Hempstead,0.946043165,0.939130435,0.855072464,0.969
2/1/2017,LIRR,Babylon,0.876388493,0.828947368,0.763157895,0.914
2/1/2017,LIRR,Far Rockaway,0.927536232,0.842105263,0.859649123,0.952
2/1/2017,LIRR,Hempstead,0.903204272,0.826315789,0.824561404,0.928
2/1/2017,LIRR,Huntington,0.872925557,0.789473684,0.744360902,0.91
2/1/2017,LIRR,Long Beach,0.904761905,0.855263158,0.846889952,0.925
2/1/2017,LIRR,Montauk,0.888713496,0.802631579,0.832116788,0.91
2/1/2017,LIRR,Oyster Bay,0.900347625,0.834586466,0.824561404,0.929
2/1/2017,LIRR,Port Jefferson,0.86102719,0.835526316,0.759398496,0.886
2/1/2017,LIRR,Port Washington,0.922756532,0.909356725,0.844875346,0.94
2/1/2017,LIRR,Ronkonkoma,0.854861437,0.769005848,0.754385965,0.893
2/1/2017,LIRR,System Total,0.891721767,0.830774854,0.798636181,0.921
2/1/2017,LIRR,West Hempstead,0.922131148,0.863157895,0.815789474,0.956
1/1/2017,LIRR,Babylon,0.922187982,0.933035714,0.87414966,0.93
1/1/2017,LIRR,Far Rockaway,0.947038724,0.943722944,0.920634921,0.951
1/1/2017,LIRR,Hempstead,0.927020507,0.933333333,0.867724868,0.935
1/1/2017,LIRR,Huntington,0.920512821,0.946031746,0.846938776,0.928
1/1/2017,LIRR,Long Beach,0.924086758,0.936507937,0.883116883,0.929
1/1/2017,LIRR,Montauk,0.916785206,0.875,0.874172185,0.929
1/1/2017,LIRR,Oyster Bay,0.929842932,0.925170068,0.896825397,0.937
1/1/2017,LIRR,Port Jefferson,0.929219601,0.880952381,0.93877551,0.938
1/1/2017,LIRR,Port Washington,0.913681337,0.970899471,0.834586466,0.918
1/1/2017,LIRR,Ronkonkoma,0.917372881,0.912698413,0.936507937,0.915
1/1/2017,LIRR,System Total,0.924203396,0.930555556,0.881306715,0.931
1/1/2017,LIRR,West Hempstead,0.94691358,0.914285714,0.888888889,0.965
12/1/2016,LIRR,Babylon,0.907785336,0.903409091,0.86525974,0.919
12/1/2016,LIRR,Far Rockaway,0.954954955,0.896694215,0.964646465,0.964
12/1/2016,LIRR,Hempstead,0.937799043,0.890909091,0.919191919,0.949
12/1/2016,LIRR,Huntington,0.895904437,0.887878788,0.866883117,0.903
12/1/2016,LIRR,Long Beach,0.944444444,0.928030303,0.954545455,0.946
12/1/2016,LIRR,Montauk,0.922695035,0.835227273,0.911949686,0.939
12/1/2016,LIRR,Oyster Bay,0.91322314,0.902597403,0.901515152,0.918
12/1/2016,LIRR,Port Jefferson,0.874887489,0.875,0.87012987,0.876
12/1/2016,LIRR,Port Washington,0.91641286,0.911616162,0.846889952,0.931
12/1/2016,LIRR,Ronkonkoma,0.872696817,0.843434343,0.93030303,0.868
12/1/2016,LIRR,System Total,0.914404028,0.891098485,0.895046761,0.923
12/1/2016,LIRR,West Hempstead,0.9513382,0.918181818,0.916666667,0.966
11/1/2016,LIRR,Babylon,0.919170433,0.916666667,0.892857143,0.926
11/1/2016,LIRR,Far Rockaway,0.962573099,0.904761905,0.973544974,0.971
11/1/2016,LIRR,Hempstead,0.946716233,0.938095238,0.899470899,0.956
11/1/2016,LIRR,Huntington,0.888331814,0.831746032,0.853741497,0.906
11/1/2016,LIRR,Long Beach,0.946418171,0.916666667,0.930735931,0.955
11/1/2016,LIRR,Montauk,0.899536321,0.880952381,0.894736842,0.903
11/1/2016,LIRR,Oyster Bay,0.896034298,0.911564626,0.825396825,0.906
11/1/2016,LIRR,Port Jefferson,0.893496701,0.857142857,0.911564626,0.898
11/1/2016,LIRR,Port Washington,0.932935393,0.891534392,0.904761905,0.946
11/1/2016,LIRR,Ronkonkoma,0.874509804,0.833333333,0.876190476,0.884
11/1/2016,LIRR,System Total,0.918838716,0.890542328,0.89658926,0.929
11/1/2016,LIRR,West Hempstead,0.960858586,0.952380952,0.912698413,0.973
10/1/2016,LIRR,Babylon,0.919481221,0.948224852,0.909863946,0.914
10/1/2016,LIRR,Far Rockaway,0.960068454,0.956709957,0.947089947,0.962
10/1/2016,LIRR,Hempstead,0.95113438,0.957142857,0.904761905,0.957
10/1/2016,LIRR,Huntington,0.883030572,0.905844156,0.87414966,0.88
10/1/2016,LIRR,Long Beach,0.960986804,0.94047619,0.943722944,0.968
10/1/2016,LIRR,Montauk,0.888059701,0.84939759,0.875,0.896
10/1/2016,LIRR,Oyster Bay,0.869426752,0.903448276,0.785714286,0.878
10/1/2016,LIRR,Port Jefferson,0.894204232,0.886904762,0.850340136,0.904
10/1/2016,LIRR,Port Washington,0.952985587,0.952380952,0.902255639,0.963
10/1/2016,LIRR,Ronkonkoma,0.870235546,0.863636364,0.926984127,0.861
10/1/2016,LIRR,System Total,0.920586379,0.922668437,0.903483309,0.923
10/1/2016,LIRR,West Hempstead,0.97037037,0.923809524,0.96031746,0.981
9/1/2016,LIRR,Babylon,0.936175778,0.973214286,0.904923599,0.934
9/1/2016,LIRR,Far Rockaway,0.978337237,0.961038961,0.973544974,0.982
9/1/2016,LIRR,Hempstead,0.96811071,0.99047619,0.952380952,0.967
9/1/2016,LIRR,Huntington,0.942086649,0.946031746,0.887755102,0.951
9/1/2016,LIRR,Long Beach,0.9466901,0.972222222,0.913419913,0.948
9/1/2016,LIRR,Montauk,0.931324457,0.910714286,0.929936306,0.935
9/1/2016,LIRR,Oyster Bay,0.969989282,0.979591837,0.920634921,0.977
9/1/2016,LIRR,Port Jefferson,0.928571429,0.93452381,0.924657534,0.928
9/1/2016,LIRR,Port Washington,0.928446771,0.976190476,0.847117794,0.935
9/1/2016,LIRR,Ronkonkoma,0.923617208,0.939153439,0.888888889,0.927
9/1/2016,LIRR,System Total,0.943764924,0.961970899,0.905106845,0.947
9/1/2016,LIRR,West Hempstead,0.978535354,0.99047619,0.912698413,0.991
8/1/2016,LIRR,Babylon,0.920264966,0.9375,0.853395062,0.932
8/1/2016,LIRR,Far Rockaway,0.954723309,0.932806324,0.913043478,0.965
8/1/2016,LIRR,Hempstead,0.960260973,0.965217391,0.888888889,0.971
8/1/2016,LIRR,Huntington,0.903267412,0.898550725,0.844720497,0.916
8/1/2016,LIRR,Long Beach,0.941699056,0.916666667,0.897233202,0.956
8/1/2016,LIRR,Montauk,0.86997319,0.836956522,0.846153846,0.879
8/1/2016,LIRR,Oyster Bay,0.936799185,0.900621118,0.847826087,0.963
8/1/2016,LIRR,Port Jefferson,0.908926961,0.858695652,0.900621118,0.923
8/1/2016,LIRR,Port Washington,0.896125585,0.903381643,0.844393593,0.905
8/1/2016,LIRR,Ronkonkoma,0.905410987,0.898550725,0.892753623,0.91
8/1/2016,LIRR,System Total,0.919801014,0.912741546,0.871404959,0.931
8/1/2016,LIRR,West Hempstead,0.970023981,0.947826087,0.934782609,0.983
7/1/2016,LIRR,Babylon,0.871000768,0.878125,0.817699115,0.88
7/1/2016,LIRR,Far Rockaway,0.941820276,0.868181818,0.944444444,0.954
7/1/2016,LIRR,Hempstead,0.924865832,0.93,0.838888889,0.936
7/1/2016,LIRR,Huntington,0.886752137,0.87,0.846428571,0.896
7/1/2016,LIRR,Long Beach,0.91456422,0.891666667,0.9,0.921
7/1/2016,LIRR,Montauk,0.809011432,0.8125,0.825503356,0.806
7/1/2016,LIRR,Oyster Bay,0.910828025,0.878571429,0.8,0.937
7/1/2016,LIRR,Port Jefferson,0.883653846,0.85,0.85,0.897
7/1/2016,LIRR,Port Washington,0.907745267,0.897222222,0.807894737,0.927
7/1/2016,LIRR,Ronkonkoma,0.875915554,0.836111111,0.863333333,0.887
7/1/2016,LIRR,System Total,0.892711873,0.874652778,0.845482156,0.904
7/1/2016,LIRR,West Hempstead,0.934837093,0.92,0.875,0.95
6/1/2016,LIRR,Babylon,0.925859873,0.940340909,0.888888889,0.931
6/1/2016,LIRR,Far Rockaway,0.97737819,0.946280992,0.98989899,0.981
6/1/2016,LIRR,Hempstead,0.973036342,0.963636364,0.97979798,0.974
6/1/2016,LIRR,Huntington,0.924511545,0.942424242,0.912337662,0.923
6/1/2016,LIRR,Long Beach,0.95972382,0.96969697,0.954545455,0.959
6/1/2016,LIRR,Montauk,0.898328691,0.926136364,0.87037037,0.898
6/1/2016,LIRR,Oyster Bay,0.932059448,0.961038961,0.818181818,0.948
6/1/2016,LIRR,Port Jefferson,0.907578558,0.954545455,0.915584416,0.895
6/1/2016,LIRR,Port Washington,0.911374738,0.931818182,0.827751196,0.924
6/1/2016,LIRR,Ronkonkoma,0.937285223,0.95959596,0.945454545,0.93
6/1/2016,LIRR,System Total,0.935201654,0.947916667,0.906735751,0.938
6/1/2016,LIRR,West Hempstead,0.972636816,0.954545455,0.931818182,0.986
5/1/2016,LIRR,Babylon,0.924300744,0.959821429,0.942275042,0.911
5/1/2016,LIRR,Far Rockaway,0.973789174,0.96969697,0.984126984,0.973
5/1/2016,LIRR,Hempstead,0.980244044,0.980952381,0.968253968,0.982
5/1/2016,LIRR,Huntington,0.951626712,0.965079365,0.945578231,0.95
5/1/2016,LIRR,Long Beach,0.96112064,0.988095238,0.952380952,0.957
5/1/2016,LIRR,Montauk,0.943100996,0.94047619,0.967105263,0.94
5/1/2016,LIRR,Oyster Bay,0.961256545,0.986394558,0.888888889,0.969
5/1/2016,LIRR,Port Jefferson,0.943585077,0.964285714,0.959183673,0.936
5/1/2016,LIRR,Port Washington,0.931222336,0.94973545,0.877192982,0.938
5/1/2016,LIRR,Ronkonkoma,0.936115843,0.944444444,0.965079365,0.929
5/1/2016,LIRR,System Total,0.947461179,0.962301587,0.942691331,0.945
5/1/2016,LIRR,West Hempstead,0.97977244,0.961904762,0.976190476,0.984
4/1/2016,LIRR,Babylon,0.919059338,0.986607143,0.952380952,0.892
4/1/2016,LIRR,Far Rockaway,0.977803738,0.982683983,0.989417989,0.975
4/1/2016,LIRR,Hempstead,0.968518519,0.985714286,0.957671958,0.967
4/1/2016,LIRR,Huntington,0.938883968,0.980952381,0.942176871,0.93
4/1/2016,LIRR,Long Beach,0.963593658,0.984126984,0.978354978,0.957
4/1/2016,LIRR,Montauk,0.922960725,0.946428571,0.921052632,0.919
4/1/2016,LIRR,Oyster Bay,0.964630225,0.993197279,0.936507937,0.964
4/1/2016,LIRR,Port Jefferson,0.917370892,0.976190476,0.952380952,0.897
4/1/2016,LIRR,Port Washington,0.952697968,0.992063492,0.922305764,0.951
4/1/2016,LIRR,Ronkonkoma,0.932921447,0.965608466,0.920634921,0.928
4/1/2016,LIRR,System Total,0.94437251,0.981150794,0.944484761,0.937
4/1/2016,LIRR,West Hempstead,0.968023256,0.99047619,0.920634921,0.976
3/1/2016,LIRR,Babylon,0.947070915,0.970149254,0.920807453,0.947
3/1/2016,LIRR,Far Rockaway,0.975964226,0.960474308,0.980676329,0.978
3/1/2016,LIRR,Hempstead,0.977461447,0.97826087,0.975845411,0.978
3/1/2016,LIRR,Huntington,0.939108062,0.959537572,0.940993789,0.934
3/1/2016,LIRR,Long Beach,0.970308123,0.971014493,0.980237154,0.968
3/1/2016,LIRR,Montauk,0.933141625,0.858695652,0.944751381,0.944
3/1/2016,LIRR,Oyster Bay,0.935779817,0.968944099,0.905797101,0.934
3/1/2016,LIRR,Port Jefferson,0.881355932,0.913043478,0.925465839,0.865
3/1/2016,LIRR,Port Washington,0.977173548,0.968599034,0.947368421,0.985
3/1/2016,LIRR,Ronkonkoma,0.933641327,0.917874396,0.961218837,0.932
3/1/2016,LIRR,System Total,0.95190894,0.952926976,0.945883896,0.953
3/1/2016,LIRR,West Hempstead,0.977272727,0.973913043,0.934782609,0.99
2/1/2016,LIRR,Babylon,0.922512235,0.9515625,0.808928571,0.941
2/1/2016,LIRR,Far Rockaway,0.960582171,0.922727273,0.933333333,0.971
2/1/2016,LIRR,Hempstead,0.944087404,0.955,0.872222222,0.953
2/1/2016,LIRR,Huntington,0.895098488,0.966666667,0.846428571,0.89
2/1/2016,LIRR,Long Beach,0.93040293,0.925,0.85,0.947
2/1/2016,LIRR,Montauk,0.913618677,0.875,0.888888889,0.924
2/1/2016,LIRR,Oyster Bay,0.916481069,0.978571429,0.85,0.915
2/1/2016,LIRR,Port Jefferson,0.882751938,0.8875,0.835714286,0.891
2/1/2016,LIRR,Port Washington,0.931122449,0.975,0.805263158,0.947
2/1/2016,LIRR,Ronkonkoma,0.910220994,0.908333333,0.916666667,0.909
2/1/2016,LIRR,System Total,0.923100475,0.938888889,0.852896341,0.933
2/1/2016,LIRR,West Hempstead,0.952755906,0.92,0.9,0.97
1/1/2016,LIRR,Babylon,0.912285481,0.868421053,0.868320611,0.932
1/1/2016,LIRR,Far Rockaway,0.958151156,0.914141414,0.962962963,0.965
1/1/2016,LIRR,Hempstead,0.955026455,0.966666667,0.907407407,0.96
1/1/2016,LIRR,Huntington,0.884064458,0.821052632,0.845283019,0.901
1/1/2016,LIRR,Long Beach,0.946115288,0.972222222,0.898989899,0.949
1/1/2016,LIRR,Montauk,0.906441718,0.848684211,0.919708029,0.913
1/1/2016,LIRR,Oyster Bay,0.894972067,0.879699248,0.807017544,0.914
1/1/2016,LIRR,Port Jefferson,0.867942584,0.782894737,0.857142857,0.887
1/1/2016,LIRR,Port Washington,0.933623504,0.865497076,0.906515581,0.95
1/1/2016,LIRR,Ronkonkoma,0.876497696,0.774853801,0.897163121,0.895
1/1/2016,LIRR,System Total,0.915710187,0.865826538,0.885972108,0.93
1/1/2016,LIRR,West Hempstead,0.948016416,0.922222222,0.87962963,0.966
12/1/2015,LIRR,Babylon,0.930552086,0.947443182,0.907467532,0.931
12/1/2015,LIRR,Far Rockaway,0.975197294,0.958677686,0.97979798,0.978
12/1/2015,LIRR,Hempstead,0.975493126,0.972727273,0.944444444,0.981
12/1/2015,LIRR,Huntington,0.913895993,0.915151515,0.902597403,0.916
12/1/2015,LIRR,Long Beach,0.96284153,0.96969697,0.950413223,0.964
12/1/2015,LIRR,Montauk,0.926086957,0.863636364,0.882681564,0.944
12/1/2015,LIRR,Oyster Bay,0.919421488,0.922077922,0.863636364,0.93
12/1/2015,LIRR,Port Jefferson,0.883888389,0.863636364,0.863636364,0.892
12/1/2015,LIRR,Port Washington,0.965132024,0.974747475,0.942583732,0.968
12/1/2015,LIRR,Ronkonkoma,0.909669211,0.866161616,0.90625,0.921
12/1/2015,LIRR,System Total,0.938922664,0.932133838,0.915329464,0.945
12/1/2015,LIRR,West Hempstead,0.95377129,0.972727273,0.871212121,0.969
11/1/2015,LIRR,Babylon,0.931043593,0.925,0.891071429,0.941
11/1/2015,LIRR,Far Rockaway,0.953927939,0.918181818,0.95,0.961
11/1/2015,LIRR,Hempstead,0.959451029,0.935,0.922222222,0.969
11/1/2015,LIRR,Huntington,0.883443709,0.92,0.842857143,0.884
11/1/2015,LIRR,Long Beach,0.945754717,0.9125,0.913636364,0.958
11/1/2015,LIRR,Montauk,0.918413174,0.90625,0.83030303,0.935
11/1/2015,LIRR,Oyster Bay,0.913043478,0.942857143,0.808333333,0.926
11/1/2015,LIRR,Port Jefferson,0.872881356,0.9,0.842857143,0.873
11/1/2015,LIRR,Port Washington,0.932764141,0.866666667,0.939473684,0.943
11/1/2015,LIRR,Ronkonkoma,0.917180617,0.866666667,0.934375,0.925
11/1/2015,LIRR,System Total,0.92522625,0.907638889,0.896060038,0.934
11/1/2015,LIRR,West Hempstead,0.934615385,0.93,0.891666667,0.945
10/1/2015,LIRR,Babylon,0.926676677,0.944602273,0.863636364,0.936
10/1/2015,LIRR,Far Rockaway,0.950819672,0.904958678,0.934343434,0.962
10/1/2015,LIRR,Hempstead,0.956346927,0.972727273,0.934343434,0.957
10/1/2015,LIRR,Huntington,0.883689232,0.909090909,0.834415584,0.888
10/1/2015,LIRR,Long Beach,0.939909297,0.939393939,0.909090909,0.946
10/1/2015,LIRR,Montauk,0.936017254,0.920454545,0.912568306,0.943
10/1/2015,LIRR,Oyster Bay,0.915860735,0.948051948,0.825757576,0.925
10/1/2015,LIRR,Port Jefferson,0.860611511,0.880681818,0.811688312,0.866
10/1/2015,LIRR,Port Washington,0.92642592,0.936868687,0.837320574,0.942
10/1/2015,LIRR,Ronkonkoma,0.919145371,0.886363636,0.909090909,0.929
10/1/2015,LIRR,System Total,0.924645892,0.926136364,0.876917832,0.934
10/1/2015,LIRR,West Hempstead,0.95620438,0.936363636,0.924242424,0.967
9/1/2015,LIRR,Babylon,0.913426646,0.892857143,0.869269949,0.929
9/1/2015,LIRR,Far Rockaway,0.953774137,0.857142857,0.962962963,0.97
9/1/2015,LIRR,Hempstead,0.946256039,0.89047619,0.920634921,0.959
9/1/2015,LIRR,Huntington,0.86004415,0.828571429,0.81292517,0.874
9/1/2015,LIRR,Long Beach,0.917984769,0.837301587,0.930735931,0.932
9/1/2015,LIRR,Montauk,0.898498928,0.845238095,0.840909091,0.917
9/1/2015,LIRR,Oyster Bay,0.899676375,0.823129252,0.849206349,0.927
9/1/2015,LIRR,Port Jefferson,0.823977165,0.779761905,0.775510204,0.844
9/1/2015,LIRR,Port Washington,0.908864365,0.873015873,0.847117794,0.928
9/1/2015,LIRR,Ronkonkoma,0.868203567,0.785714286,0.866071429,0.888
9/1/2015,LIRR,System Total,0.903526768,0.850198413,0.870092791,0.921
9/1/2015,LIRR,West Hempstead,0.953282828,0.885714286,0.936507937,0.97
8/1/2015,LIRR,Babylon,0.920030465,0.930059524,0.849662162,0.933
8/1/2015,LIRR,Far Rockaway,0.96530498,0.874458874,0.936507937,0.985
8/1/2015,LIRR,Hempstead,0.941317365,0.914285714,0.888888889,0.954
8/1/2015,LIRR,Huntington,0.889174155,0.895238095,0.81292517,0.901
8/1/2015,LIRR,Long Beach,0.925694838,0.948412698,0.9004329,0.926
8/1/2015,LIRR,Montauk,0.891891892,0.892857143,0.857954545,0.897
8/1/2015,LIRR,Oyster Bay,0.929411765,0.959183673,0.825396825,0.943
8/1/2015,LIRR,Port Jefferson,0.889103182,0.857142857,0.80952381,0.913
8/1/2015,LIRR,Port Washington,0.908272759,0.939153439,0.877192982,0.909
8/1/2015,LIRR,Ronkonkoma,0.880749574,0.867724868,0.898809524,0.88
8/1/2015,LIRR,System Total,0.914884496,0.912698413,0.86631016,0.924
8/1/2015,LIRR,West Hempstead,0.955555556,0.971428571,0.865079365,0.972
7/1/2015,LIRR,Babylon,0.919852941,0.940217391,0.877112135,0.925
7/1/2015,LIRR,Far Rockaway,0.956232687,0.936758893,0.951690821,0.961
7/1/2015,LIRR,Hempstead,0.925989673,0.960869565,0.888888889,0.926
7/1/2015,LIRR,Huntington,0.887650086,0.930434783,0.813664596,0.893
7/1/2015,LIRR,Long Beach,0.922265408,0.967391304,0.909090909,0.915
7/1/2015,LIRR,Montauk,0.846102151,0.940540541,0.819587629,0.835
7/1/2015,LIRR,Oyster Bay,0.940932642,0.968944099,0.84057971,0.955
7/1/2015,LIRR,Port Jefferson,0.898252826,0.918478261,0.863354037,0.901
7/1/2015,LIRR,Port Washington,0.906626506,0.915458937,0.862700229,0.914
7/1/2015,LIRR,Ronkonkoma,0.900990099,0.898795181,0.910326087,0.899
7/1/2015,LIRR,System Total,0.912238137,0.935123718,0.876462939,0.915
7/1/2015,LIRR,West Hempstead,0.952038369,0.956521739,0.913043478,0.96
6/1/2015,LIRR,Babylon,0.927643312,0.946022727,0.890322581,0.932
6/1/2015,LIRR,Far Rockaway,0.949308756,0.958677686,0.944444444,0.948
6/1/2015,LIRR,Hempstead,0.939446367,0.986363636,0.914141414,0.935
6/1/2015,LIRR,Huntington,0.907275954,0.972727273,0.892857143,0.897
6/1/2015,LIRR,Long Beach,0.943613349,0.958333333,0.94214876,0.941
6/1/2015,LIRR,Montauk,0.922648084,0.948863636,0.913043478,0.92
6/1/2015,LIRR,Oyster Bay,0.948387097,0.987012987,0.893939394,0.95
6/1/2015,LIRR,Port Jefferson,0.884090909,0.903409091,0.883116883,0.878
6/1/2015,LIRR,Port Washington,0.929027679,0.972222222,0.863636364,0.934
6/1/2015,LIRR,Ronkonkoma,0.921686747,0.946969697,0.9375,0.912
6/1/2015,LIRR,System Total,0.928467295,0.957070707,0.90367597,0.927
6/1/2015,LIRR,West Hempstead,0.944029851,0.954545455,0.901515152,0.952
5/1/2015,LIRR,Babylon,0.926233766,0.9484375,0.864768683,0.934
5/1/2015,LIRR,Far Rockaway,0.95692131,0.931818182,0.927777778,0.965
5/1/2015,LIRR,Hempstead,0.962143273,0.96,0.927777778,0.967
5/1/2015,LIRR,Huntington,0.911229472,0.94,0.867857143,0.913
5/1/2015,LIRR,Long Beach,0.95034642,0.916666667,0.918181818,0.962
5/1/2015,LIRR,Montauk,0.904089219,0.91875,0.880239521,0.906
5/1/2015,LIRR,Oyster Bay,0.947368421,0.957142857,0.866666667,0.959
5/1/2015,LIRR,Port Jefferson,0.925447316,0.9375,0.864285714,0.935
5/1/2015,LIRR,Port Washington,0.894280763,0.927777778,0.813157895,0.903
5/1/2015,LIRR,Ronkonkoma,0.930739632,0.927777778,0.921875,0.933
5/1/2015,LIRR,System Total,0.928858735,0.936805556,0.879355564,0.936
5/1/2015,LIRR,West Hempstead,0.954887218,0.93,0.883333333,0.974
4/1/2015,LIRR,Babylon,0.935801191,0.947443182,0.909090909,0.939
4/1/2015,LIRR,Far Rockaway,0.979873491,0.950413223,0.97979798,0.985
4/1/2015,LIRR,Hempstead,0.965286236,0.981818182,0.939393939,0.967
4/1/2015,LIRR,Huntington,0.910381544,0.918181818,0.866883117,0.917
4/1/2015,LIRR,Long Beach,0.945412311,0.946969697,0.921487603,0.95
4/1/2015,LIRR,Montauk,0.946040035,0.948863636,0.927777778,0.95
4/1/2015,LIRR,Oyster Bay,0.96344086,0.980519481,0.886363636,0.975
4/1/2015,LIRR,Port Jefferson,0.922150139,0.931818182,0.915584416,0.921
4/1/2015,LIRR,Port Washington,0.935808466,0.936868687,0.880382775,0.947
4/1/2015,LIRR,Ronkonkoma,0.905364152,0.871212121,0.892045455,0.917
4/1/2015,LIRR,System Total,0.938939922,0.9375,0.907508532,0.946
4/1/2015,LIRR,West Hempstead,0.968905473,0.963636364,0.924242424,0.98
3/1/2015,LIRR,Babylon,0.905015198,0.870921986,0.849025974,0.927
3/1/2015,LIRR,Far Rockaway,0.950774336,0.888429752,0.934343434,0.964
3/1/2015,LIRR,Hempstead,0.944575472,0.927272727,0.898989899,0.955
3/1/2015,LIRR,Huntington,0.871202396,0.867069486,0.814935065,0.882
3/1/2015,LIRR,Long Beach,0.934733258,0.916666667,0.892561983,0.947
3/1/2015,LIRR,Montauk,0.895348837,0.886363636,0.844444444,0.907
3/1/2015,LIRR,Oyster Bay,0.909473684,0.915584416,0.810606061,0.928
3/1/2015,LIRR,Port Jefferson,0.850277264,0.823863636,0.805194805,0.866
3/1/2015,LIRR,Port Washington,0.923076923,0.898989899,0.830143541,0.946
3/1/2015,LIRR,Ronkonkoma,0.831911263,0.762626263,0.806818182,0.855
3/1/2015,LIRR,System Total,0.904001906,0.872555205,0.849829352,0.921
3/1/2015,LIRR,West Hempstead,0.954987835,0.945454545,0.931818182,0.962
2/1/2015,LIRR,Babylon,0.863895216,0.745065789,0.834586466,0.901
2/1/2015,LIRR,Far Rockaway,0.928304239,0.799043062,0.923976608,0.951
2/1/2015,LIRR,Hempstead,0.919631094,0.889473684,0.824561404,0.939
2/1/2015,LIRR,Huntington,0.833491461,0.712280702,0.770676692,0.866
2/1/2015,LIRR,Long Beach,0.900952381,0.785087719,0.85645933,0.932
2/1/2015,LIRR,Montauk,0.83919598,0.717105263,0.83974359,0.86
2/1/2015,LIRR,Oyster Bay,0.863905325,0.796992481,0.754385965,0.9
2/1/2015,LIRR,Port Jefferson,0.774420947,0.664473684,0.744360902,0.804
2/1/2015,LIRR,Port Washington,0.870503597,0.801169591,0.711911357,0.912
2/1/2015,LIRR,Ronkonkoma,0.842206235,0.719298246,0.865131579,0.867
2/1/2015,LIRR,System Total,0.868240549,0.76498538,0.81074674,0.9
2/1/2015,LIRR,West Hempstead,0.926229508,0.905263158,0.780701754,0.962
1/1/2015,LIRR,Babylon,0.899092365,0.853618421,0.815789474,0.927
1/1/2015,LIRR,Far Rockaway,0.94124491,0.837320574,0.912280702,0.961
1/1/2015,LIRR,Hempstead,0.940344403,0.894736842,0.912280702,0.951
1/1/2015,LIRR,Huntington,0.879637619,0.814035088,0.793233083,0.903
1/1/2015,LIRR,Long Beach,0.903586126,0.850877193,0.846889952,0.922
1/1/2015,LIRR,Montauk,0.882625483,0.842105263,0.808917197,0.901
1/1/2015,LIRR,Oyster Bay,0.926666667,0.917293233,0.815789474,0.948
1/1/2015,LIRR,Port Jefferson,0.861423221,0.782894737,0.84962406,0.879
1/1/2015,LIRR,Port Washington,0.915759916,0.877192982,0.800554017,0.941
1/1/2015,LIRR,Ronkonkoma,0.868255396,0.786549708,0.851973684,0.889
1/1/2015,LIRR,System Total,0.902793572,0.844663743,0.835703002,0.925
1/1/2015,LIRR,West Hempstead,0.938382542,0.873684211,0.885964912,0.96
